DEPARTAMENTO,PROVINCIA,MES,n
AMAZONAS,BAGUA,1,25
AMAZONAS,BAGUA,4,39
AMAZONAS,BAGUA,5,177
AMAZONAS,BAGUA,6,723
AMAZONAS,BAGUA,7,1750
AMAZONAS,BAGUA,8,2519
AMAZONAS,BAGUA,9,2026
AMAZONAS,BAGUA,10,499
AMAZONAS,BAGUA,11,279
AMAZONAS,BAGUA,12,113
AMAZONAS,BONGARA,1,11
AMAZONAS,BONGARA,4,14
AMAZONAS,BONGARA,5,9
AMAZONAS,BONGARA,6,22
AMAZONAS,BONGARA,7,58
AMAZONAS,BONGARA,8,89
AMAZONAS,BONGARA,9,111
AMAZONAS,BONGARA,10,42
AMAZONAS,BONGARA,11,22
AMAZONAS,BONGARA,12,22
AMAZONAS,CHACHAPOYAS,1,95
AMAZONAS,CHACHAPOYAS,4,59
AMAZONAS,CHACHAPOYAS,5,181
AMAZONAS,CHACHAPOYAS,6,130
AMAZONAS,CHACHAPOYAS,7,192
AMAZONAS,CHACHAPOYAS,8,493
AMAZONAS,CHACHAPOYAS,9,601
AMAZONAS,CHACHAPOYAS,10,333
AMAZONAS,CHACHAPOYAS,11,118
AMAZONAS,CHACHAPOYAS,12,67
AMAZONAS,CONDORCANQUI,1,2
AMAZONAS,CONDORCANQUI,5,3
AMAZONAS,CONDORCANQUI,6,190
AMAZONAS,CONDORCANQUI,7,1071
AMAZONAS,CONDORCANQUI,8,978
AMAZONAS,CONDORCANQUI,9,456
AMAZONAS,CONDORCANQUI,10,454
AMAZONAS,CONDORCANQUI,11,227
AMAZONAS,CONDORCANQUI,12,95
AMAZONAS,EN INVESTIGACIÓN,1,1
AMAZONAS,EN INVESTIGACIÓN,4,2
AMAZONAS,EN INVESTIGACIÓN,5,24
AMAZONAS,EN INVESTIGACIÓN,6,5
AMAZONAS,EN INVESTIGACIÓN,7,11
AMAZONAS,EN INVESTIGACIÓN,8,18
AMAZONAS,EN INVESTIGACIÓN,9,15
AMAZONAS,EN INVESTIGACIÓN,10,7
AMAZONAS,EN INVESTIGACIÓN,11,1
AMAZONAS,EN INVESTIGACIÓN,12,3
AMAZONAS,LUYA,1,7
AMAZONAS,LUYA,5,22
AMAZONAS,LUYA,6,108
AMAZONAS,LUYA,7,47
AMAZONAS,LUYA,8,150
AMAZONAS,LUYA,9,67
AMAZONAS,LUYA,10,30
AMAZONAS,LUYA,11,17
AMAZONAS,LUYA,12,13
AMAZONAS,RODRIGUEZ DE MENDOZA,1,60
AMAZONAS,RODRIGUEZ DE MENDOZA,4,2
AMAZONAS,RODRIGUEZ DE MENDOZA,5,1
AMAZONAS,RODRIGUEZ DE MENDOZA,6,31
AMAZONAS,RODRIGUEZ DE MENDOZA,7,15
AMAZONAS,RODRIGUEZ DE MENDOZA,8,14
AMAZONAS,RODRIGUEZ DE MENDOZA,9,12
AMAZONAS,RODRIGUEZ DE MENDOZA,10,12
AMAZONAS,RODRIGUEZ DE MENDOZA,11,4
AMAZONAS,RODRIGUEZ DE MENDOZA,12,18
AMAZONAS,UTCUBAMBA,1,39
AMAZONAS,UTCUBAMBA,4,49
AMAZONAS,UTCUBAMBA,5,201
AMAZONAS,UTCUBAMBA,6,553
AMAZONAS,UTCUBAMBA,7,1028
AMAZONAS,UTCUBAMBA,8,898
AMAZONAS,UTCUBAMBA,9,464
AMAZONAS,UTCUBAMBA,10,303
AMAZONAS,UTCUBAMBA,11,153
AMAZONAS,UTCUBAMBA,12,97
ANCASH,AIJA,1,2
ANCASH,AIJA,5,5
ANCASH,AIJA,6,1
ANCASH,AIJA,7,8
ANCASH,AIJA,8,38
ANCASH,AIJA,9,20
ANCASH,AIJA,10,5
ANCASH,AIJA,11,1
ANCASH,AIJA,12,1
ANCASH,ANTONIO RAIMONDI,5,1
ANCASH,ANTONIO RAIMONDI,6,3
ANCASH,ANTONIO RAIMONDI,7,10
ANCASH,ANTONIO RAIMONDI,8,24
ANCASH,ANTONIO RAIMONDI,9,1
ANCASH,ANTONIO RAIMONDI,10,10
ANCASH,ANTONIO RAIMONDI,11,4
ANCASH,ANTONIO RAIMONDI,12,1
ANCASH,ASUNCION,1,3
ANCASH,ASUNCION,4,1
ANCASH,ASUNCION,6,1
ANCASH,ASUNCION,7,2
ANCASH,ASUNCION,8,6
ANCASH,ASUNCION,9,4
ANCASH,ASUNCION,10,12
ANCASH,ASUNCION,11,30
ANCASH,ASUNCION,12,3
ANCASH,BOLOGNESI,1,10
ANCASH,BOLOGNESI,4,3
ANCASH,BOLOGNESI,5,4
ANCASH,BOLOGNESI,6,17
ANCASH,BOLOGNESI,7,24
ANCASH,BOLOGNESI,8,63
ANCASH,BOLOGNESI,9,52
ANCASH,BOLOGNESI,10,38
ANCASH,BOLOGNESI,11,18
ANCASH,BOLOGNESI,12,23
ANCASH,CARHUAZ,1,16
ANCASH,CARHUAZ,4,16
ANCASH,CARHUAZ,5,14
ANCASH,CARHUAZ,6,25
ANCASH,CARHUAZ,7,31
ANCASH,CARHUAZ,8,151
ANCASH,CARHUAZ,9,176
ANCASH,CARHUAZ,10,91
ANCASH,CARHUAZ,11,29
ANCASH,CARHUAZ,12,18
ANCASH,CARLOS FERMIN FITZCARRALD,1,1
ANCASH,CARLOS FERMIN FITZCARRALD,5,4
ANCASH,CARLOS FERMIN FITZCARRALD,6,3
ANCASH,CARLOS FERMIN FITZCARRALD,7,3
ANCASH,CARLOS FERMIN FITZCARRALD,8,8
ANCASH,CARLOS FERMIN FITZCARRALD,9,12
ANCASH,CARLOS FERMIN FITZCARRALD,10,25
ANCASH,CARLOS FERMIN FITZCARRALD,11,1
ANCASH,CASMA,1,33
ANCASH,CASMA,4,40
ANCASH,CASMA,5,68
ANCASH,CASMA,6,179
ANCASH,CASMA,7,155
ANCASH,CASMA,8,194
ANCASH,CASMA,9,106
ANCASH,CASMA,10,141
ANCASH,CASMA,11,62
ANCASH,CASMA,12,18
ANCASH,CORONGO,5,2
ANCASH,CORONGO,6,3
ANCASH,CORONGO,7,15
ANCASH,CORONGO,8,3
ANCASH,CORONGO,9,6
ANCASH,CORONGO,10,1
ANCASH,CORONGO,11,3
ANCASH,CORONGO,12,4
ANCASH,EN INVESTIGACIÓN,1,2
ANCASH,EN INVESTIGACIÓN,4,7
ANCASH,EN INVESTIGACIÓN,5,8
ANCASH,EN INVESTIGACIÓN,6,75
ANCASH,EN INVESTIGACIÓN,7,89
ANCASH,EN INVESTIGACIÓN,8,176
ANCASH,EN INVESTIGACIÓN,9,103
ANCASH,EN INVESTIGACIÓN,10,41
ANCASH,EN INVESTIGACIÓN,11,54
ANCASH,EN INVESTIGACIÓN,12,8
ANCASH,HUARAZ,1,177
ANCASH,HUARAZ,3,1
ANCASH,HUARAZ,4,106
ANCASH,HUARAZ,5,437
ANCASH,HUARAZ,6,732
ANCASH,HUARAZ,7,1338
ANCASH,HUARAZ,8,1779
ANCASH,HUARAZ,9,882
ANCASH,HUARAZ,10,1018
ANCASH,HUARAZ,11,241
ANCASH,HUARAZ,12,200
ANCASH,HUARI,1,4
ANCASH,HUARI,4,28
ANCASH,HUARI,5,40
ANCASH,HUARI,6,17
ANCASH,HUARI,7,16
ANCASH,HUARI,8,77
ANCASH,HUARI,9,23
ANCASH,HUARI,10,23
ANCASH,HUARI,11,25
ANCASH,HUARI,12,25
ANCASH,HUARMEY,1,44
ANCASH,HUARMEY,4,7
ANCASH,HUARMEY,5,39
ANCASH,HUARMEY,6,90
ANCASH,HUARMEY,7,319
ANCASH,HUARMEY,8,475
ANCASH,HUARMEY,9,323
ANCASH,HUARMEY,10,156
ANCASH,HUARMEY,11,78
ANCASH,HUARMEY,12,81
ANCASH,HUAYLAS,1,27
ANCASH,HUAYLAS,4,13
ANCASH,HUAYLAS,5,20
ANCASH,HUAYLAS,6,57
ANCASH,HUAYLAS,7,132
ANCASH,HUAYLAS,8,317
ANCASH,HUAYLAS,9,253
ANCASH,HUAYLAS,10,219
ANCASH,HUAYLAS,11,134
ANCASH,HUAYLAS,12,23
ANCASH,MARISCAL LUZURIAGA,4,3
ANCASH,MARISCAL LUZURIAGA,5,13
ANCASH,MARISCAL LUZURIAGA,6,17
ANCASH,MARISCAL LUZURIAGA,7,11
ANCASH,MARISCAL LUZURIAGA,8,22
ANCASH,MARISCAL LUZURIAGA,9,39
ANCASH,MARISCAL LUZURIAGA,10,20
ANCASH,MARISCAL LUZURIAGA,11,31
ANCASH,MARISCAL LUZURIAGA,12,13
ANCASH,OCROS,5,2
ANCASH,OCROS,6,5
ANCASH,OCROS,7,14
ANCASH,OCROS,8,28
ANCASH,OCROS,9,15
ANCASH,OCROS,10,12
ANCASH,OCROS,11,4
ANCASH,OCROS,12,3
ANCASH,PALLASCA,1,2
ANCASH,PALLASCA,5,2
ANCASH,PALLASCA,6,16
ANCASH,PALLASCA,7,13
ANCASH,PALLASCA,8,8
ANCASH,PALLASCA,9,26
ANCASH,PALLASCA,10,9
ANCASH,PALLASCA,11,7
ANCASH,PALLASCA,12,2
ANCASH,POMABAMBA,1,3
ANCASH,POMABAMBA,4,16
ANCASH,POMABAMBA,5,16
ANCASH,POMABAMBA,6,45
ANCASH,POMABAMBA,7,40
ANCASH,POMABAMBA,8,82
ANCASH,POMABAMBA,9,70
ANCASH,POMABAMBA,10,53
ANCASH,POMABAMBA,11,23
ANCASH,POMABAMBA,12,13
ANCASH,RECUAY,1,4
ANCASH,RECUAY,4,3
ANCASH,RECUAY,5,19
ANCASH,RECUAY,6,10
ANCASH,RECUAY,7,42
ANCASH,RECUAY,8,118
ANCASH,RECUAY,9,58
ANCASH,RECUAY,10,52
ANCASH,RECUAY,11,14
ANCASH,RECUAY,12,9
ANCASH,SANTA,1,1278
ANCASH,SANTA,3,12
ANCASH,SANTA,4,699
ANCASH,SANTA,5,3061
ANCASH,SANTA,6,2243
ANCASH,SANTA,7,1956
ANCASH,SANTA,8,2661
ANCASH,SANTA,9,1953
ANCASH,SANTA,10,1710
ANCASH,SANTA,11,1119
ANCASH,SANTA,12,1577
ANCASH,SIHUAS,1,1
ANCASH,SIHUAS,5,29
ANCASH,SIHUAS,6,24
ANCASH,SIHUAS,7,25
ANCASH,SIHUAS,8,46
ANCASH,SIHUAS,9,42
ANCASH,SIHUAS,10,40
ANCASH,SIHUAS,11,31
ANCASH,SIHUAS,12,13
ANCASH,YUNGAY,1,11
ANCASH,YUNGAY,4,3
ANCASH,YUNGAY,5,18
ANCASH,YUNGAY,6,26
ANCASH,YUNGAY,7,55
ANCASH,YUNGAY,8,115
ANCASH,YUNGAY,9,63
ANCASH,YUNGAY,10,86
ANCASH,YUNGAY,11,41
ANCASH,YUNGAY,12,25
APURIMAC,ABANCAY,1,410
APURIMAC,ABANCAY,4,108
APURIMAC,ABANCAY,5,72
APURIMAC,ABANCAY,6,134
APURIMAC,ABANCAY,7,240
APURIMAC,ABANCAY,8,1126
APURIMAC,ABANCAY,9,1108
APURIMAC,ABANCAY,10,567
APURIMAC,ABANCAY,11,332
APURIMAC,ABANCAY,12,581
APURIMAC,ANDAHUAYLAS,1,198
APURIMAC,ANDAHUAYLAS,4,43
APURIMAC,ANDAHUAYLAS,5,25
APURIMAC,ANDAHUAYLAS,6,83
APURIMAC,ANDAHUAYLAS,7,102
APURIMAC,ANDAHUAYLAS,8,468
APURIMAC,ANDAHUAYLAS,9,398
APURIMAC,ANDAHUAYLAS,10,182
APURIMAC,ANDAHUAYLAS,11,219
APURIMAC,ANDAHUAYLAS,12,300
APURIMAC,ANTABAMBA,1,36
APURIMAC,ANTABAMBA,5,2
APURIMAC,ANTABAMBA,6,11
APURIMAC,ANTABAMBA,7,4
APURIMAC,ANTABAMBA,8,17
APURIMAC,ANTABAMBA,9,24
APURIMAC,ANTABAMBA,10,35
APURIMAC,ANTABAMBA,11,9
APURIMAC,ANTABAMBA,12,8
APURIMAC,AYMARAES,1,26
APURIMAC,AYMARAES,4,1
APURIMAC,AYMARAES,5,6
APURIMAC,AYMARAES,6,20
APURIMAC,AYMARAES,7,13
APURIMAC,AYMARAES,8,62
APURIMAC,AYMARAES,9,94
APURIMAC,AYMARAES,10,35
APURIMAC,AYMARAES,11,47
APURIMAC,AYMARAES,12,22
APURIMAC,CHINCHEROS,1,18
APURIMAC,CHINCHEROS,4,1
APURIMAC,CHINCHEROS,5,12
APURIMAC,CHINCHEROS,6,46
APURIMAC,CHINCHEROS,7,16
APURIMAC,CHINCHEROS,8,108
APURIMAC,CHINCHEROS,9,47
APURIMAC,CHINCHEROS,10,40
APURIMAC,CHINCHEROS,11,41
APURIMAC,CHINCHEROS,12,38
APURIMAC,COTABAMBAS,1,21
APURIMAC,COTABAMBAS,4,1
APURIMAC,COTABAMBAS,5,9
APURIMAC,COTABAMBAS,6,19
APURIMAC,COTABAMBAS,7,34
APURIMAC,COTABAMBAS,8,227
APURIMAC,COTABAMBAS,9,136
APURIMAC,COTABAMBAS,10,96
APURIMAC,COTABAMBAS,11,36
APURIMAC,COTABAMBAS,12,52
APURIMAC,EN INVESTIGACIÓN,1,4
APURIMAC,EN INVESTIGACIÓN,5,1
APURIMAC,EN INVESTIGACIÓN,6,4
APURIMAC,EN INVESTIGACIÓN,7,6
APURIMAC,EN INVESTIGACIÓN,8,21
APURIMAC,EN INVESTIGACIÓN,9,45
APURIMAC,EN INVESTIGACIÓN,10,7
APURIMAC,EN INVESTIGACIÓN,11,2
APURIMAC,EN INVESTIGACIÓN,12,5
APURIMAC,GRAU,1,30
APURIMAC,GRAU,4,2
APURIMAC,GRAU,5,3
APURIMAC,GRAU,6,15
APURIMAC,GRAU,7,2
APURIMAC,GRAU,8,29
APURIMAC,GRAU,9,30
APURIMAC,GRAU,10,7
APURIMAC,GRAU,11,4
APURIMAC,GRAU,12,35
AREQUIPA,AREQUIPA,1,1031
AREQUIPA,AREQUIPA,3,29
AREQUIPA,AREQUIPA,4,711
AREQUIPA,AREQUIPA,5,2573
AREQUIPA,AREQUIPA,6,3185
AREQUIPA,AREQUIPA,7,7161
AREQUIPA,AREQUIPA,8,16485
AREQUIPA,AREQUIPA,9,6998
AREQUIPA,AREQUIPA,10,2015
AREQUIPA,AREQUIPA,11,1022
AREQUIPA,AREQUIPA,12,1446
AREQUIPA,CAMANA,1,92
AREQUIPA,CAMANA,4,11
AREQUIPA,CAMANA,5,27
AREQUIPA,CAMANA,6,56
AREQUIPA,CAMANA,7,109
AREQUIPA,CAMANA,8,392
AREQUIPA,CAMANA,9,218
AREQUIPA,CAMANA,10,81
AREQUIPA,CAMANA,11,143
AREQUIPA,CAMANA,12,158
AREQUIPA,CARAVELI,1,12
AREQUIPA,CARAVELI,3,1
AREQUIPA,CARAVELI,4,9
AREQUIPA,CARAVELI,5,121
AREQUIPA,CARAVELI,6,69
AREQUIPA,CARAVELI,7,51
AREQUIPA,CARAVELI,8,144
AREQUIPA,CARAVELI,9,156
AREQUIPA,CARAVELI,10,111
AREQUIPA,CARAVELI,11,52
AREQUIPA,CARAVELI,12,49
AREQUIPA,CASTILLA,1,19
AREQUIPA,CASTILLA,4,3
AREQUIPA,CASTILLA,5,16
AREQUIPA,CASTILLA,6,32
AREQUIPA,CASTILLA,7,66
AREQUIPA,CASTILLA,8,153
AREQUIPA,CASTILLA,9,134
AREQUIPA,CASTILLA,10,64
AREQUIPA,CASTILLA,11,53
AREQUIPA,CASTILLA,12,39
AREQUIPA,CAYLLOMA,1,15
AREQUIPA,CAYLLOMA,4,24
AREQUIPA,CAYLLOMA,5,45
AREQUIPA,CAYLLOMA,6,93
AREQUIPA,CAYLLOMA,7,332
AREQUIPA,CAYLLOMA,8,667
AREQUIPA,CAYLLOMA,9,378
AREQUIPA,CAYLLOMA,10,104
AREQUIPA,CAYLLOMA,11,71
AREQUIPA,CAYLLOMA,12,77
AREQUIPA,CONDESUYOS,1,24
AREQUIPA,CONDESUYOS,5,2
AREQUIPA,CONDESUYOS,6,4
AREQUIPA,CONDESUYOS,7,17
AREQUIPA,CONDESUYOS,8,48
AREQUIPA,CONDESUYOS,9,31
AREQUIPA,CONDESUYOS,10,99
AREQUIPA,CONDESUYOS,11,38
AREQUIPA,CONDESUYOS,12,31
AREQUIPA,EN INVESTIGACIÓN,1,5
AREQUIPA,EN INVESTIGACIÓN,4,1
AREQUIPA,EN INVESTIGACIÓN,5,12
AREQUIPA,EN INVESTIGACIÓN,6,30
AREQUIPA,EN INVESTIGACIÓN,7,39
AREQUIPA,EN INVESTIGACIÓN,8,150
AREQUIPA,EN INVESTIGACIÓN,9,136
AREQUIPA,EN INVESTIGACIÓN,10,35
AREQUIPA,EN INVESTIGACIÓN,11,20
AREQUIPA,EN INVESTIGACIÓN,12,12
AREQUIPA,ISLAY,1,62
AREQUIPA,ISLAY,4,44
AREQUIPA,ISLAY,5,62
AREQUIPA,ISLAY,6,74
AREQUIPA,ISLAY,7,288
AREQUIPA,ISLAY,8,803
AREQUIPA,ISLAY,9,381
AREQUIPA,ISLAY,10,52
AREQUIPA,ISLAY,11,39
AREQUIPA,ISLAY,12,37
AREQUIPA,LA UNION,5,5
AREQUIPA,LA UNION,6,3
AREQUIPA,LA UNION,7,10
AREQUIPA,LA UNION,8,21
AREQUIPA,LA UNION,9,13
AREQUIPA,LA UNION,10,3
AREQUIPA,LA UNION,12,3
AYACUCHO,CANGALLO,1,7
AYACUCHO,CANGALLO,4,2
AYACUCHO,CANGALLO,5,6
AYACUCHO,CANGALLO,6,22
AYACUCHO,CANGALLO,7,32
AYACUCHO,CANGALLO,8,48
AYACUCHO,CANGALLO,9,67
AYACUCHO,CANGALLO,10,24
AYACUCHO,CANGALLO,11,17
AYACUCHO,CANGALLO,12,9
AYACUCHO,EN INVESTIGACIÓN,1,9
AYACUCHO,EN INVESTIGACIÓN,5,8
AYACUCHO,EN INVESTIGACIÓN,6,8
AYACUCHO,EN INVESTIGACIÓN,7,12
AYACUCHO,EN INVESTIGACIÓN,8,32
AYACUCHO,EN INVESTIGACIÓN,9,44
AYACUCHO,EN INVESTIGACIÓN,10,30
AYACUCHO,EN INVESTIGACIÓN,11,6
AYACUCHO,EN INVESTIGACIÓN,12,14
AYACUCHO,HUAMANGA,1,317
AYACUCHO,HUAMANGA,3,1
AYACUCHO,HUAMANGA,4,110
AYACUCHO,HUAMANGA,5,518
AYACUCHO,HUAMANGA,6,839
AYACUCHO,HUAMANGA,7,1929
AYACUCHO,HUAMANGA,8,3121
AYACUCHO,HUAMANGA,9,1860
AYACUCHO,HUAMANGA,10,743
AYACUCHO,HUAMANGA,11,491
AYACUCHO,HUAMANGA,12,384
AYACUCHO,HUANCA SANCOS,1,1
AYACUCHO,HUANCA SANCOS,5,1
AYACUCHO,HUANCA SANCOS,6,7
AYACUCHO,HUANCA SANCOS,7,1
AYACUCHO,HUANCA SANCOS,8,31
AYACUCHO,HUANCA SANCOS,9,15
AYACUCHO,HUANCA SANCOS,10,11
AYACUCHO,HUANCA SANCOS,11,4
AYACUCHO,HUANCA SANCOS,12,7
AYACUCHO,HUANTA,1,18
AYACUCHO,HUANTA,4,8
AYACUCHO,HUANTA,5,32
AYACUCHO,HUANTA,6,33
AYACUCHO,HUANTA,7,207
AYACUCHO,HUANTA,8,609
AYACUCHO,HUANTA,9,477
AYACUCHO,HUANTA,10,398
AYACUCHO,HUANTA,11,149
AYACUCHO,HUANTA,12,41
AYACUCHO,LA MAR,1,31
AYACUCHO,LA MAR,5,39
AYACUCHO,LA MAR,6,38
AYACUCHO,LA MAR,7,51
AYACUCHO,LA MAR,8,229
AYACUCHO,LA MAR,9,203
AYACUCHO,LA MAR,10,186
AYACUCHO,LA MAR,11,87
AYACUCHO,LA MAR,12,105
AYACUCHO,LUCANAS,1,18
AYACUCHO,LUCANAS,4,19
AYACUCHO,LUCANAS,5,26
AYACUCHO,LUCANAS,6,37
AYACUCHO,LUCANAS,7,68
AYACUCHO,LUCANAS,8,237
AYACUCHO,LUCANAS,9,186
AYACUCHO,LUCANAS,10,66
AYACUCHO,LUCANAS,11,53
AYACUCHO,LUCANAS,12,60
AYACUCHO,PARINACOCHAS,1,9
AYACUCHO,PARINACOCHAS,4,7
AYACUCHO,PARINACOCHAS,5,35
AYACUCHO,PARINACOCHAS,6,43
AYACUCHO,PARINACOCHAS,7,23
AYACUCHO,PARINACOCHAS,8,159
AYACUCHO,PARINACOCHAS,9,151
AYACUCHO,PARINACOCHAS,10,213
AYACUCHO,PARINACOCHAS,11,82
AYACUCHO,PARINACOCHAS,12,49
AYACUCHO,PAUCAR DEL SARA SARA,5,7
AYACUCHO,PAUCAR DEL SARA SARA,7,6
AYACUCHO,PAUCAR DEL SARA SARA,8,26
AYACUCHO,PAUCAR DEL SARA SARA,9,24
AYACUCHO,PAUCAR DEL SARA SARA,10,55
AYACUCHO,PAUCAR DEL SARA SARA,11,16
AYACUCHO,PAUCAR DEL SARA SARA,12,37
AYACUCHO,SUCRE,5,1
AYACUCHO,SUCRE,6,1
AYACUCHO,SUCRE,7,4
AYACUCHO,SUCRE,8,14
AYACUCHO,SUCRE,9,4
AYACUCHO,SUCRE,10,7
AYACUCHO,SUCRE,11,2
AYACUCHO,SUCRE,12,3
AYACUCHO,VICTOR FAJARDO,4,4
AYACUCHO,VICTOR FAJARDO,5,21
AYACUCHO,VICTOR FAJARDO,6,9
AYACUCHO,VICTOR FAJARDO,7,10
AYACUCHO,VICTOR FAJARDO,8,56
AYACUCHO,VICTOR FAJARDO,9,49
AYACUCHO,VICTOR FAJARDO,10,17
AYACUCHO,VICTOR FAJARDO,11,23
AYACUCHO,VICTOR FAJARDO,12,3
AYACUCHO,VILCAS HUAMAN,4,1
AYACUCHO,VILCAS HUAMAN,5,4
AYACUCHO,VILCAS HUAMAN,6,15
AYACUCHO,VILCAS HUAMAN,7,5
AYACUCHO,VILCAS HUAMAN,8,16
AYACUCHO,VILCAS HUAMAN,9,24
AYACUCHO,VILCAS HUAMAN,10,14
AYACUCHO,VILCAS HUAMAN,11,7
AYACUCHO,VILCAS HUAMAN,12,6
CAJAMARCA,CAJABAMBA,1,14
CAJAMARCA,CAJABAMBA,4,2
CAJAMARCA,CAJABAMBA,5,5
CAJAMARCA,CAJABAMBA,6,49
CAJAMARCA,CAJABAMBA,7,80
CAJAMARCA,CAJABAMBA,8,156
CAJAMARCA,CAJABAMBA,9,118
CAJAMARCA,CAJABAMBA,10,123
CAJAMARCA,CAJABAMBA,11,55
CAJAMARCA,CAJABAMBA,12,49
CAJAMARCA,CAJAMARCA,1,356
CAJAMARCA,CAJAMARCA,3,1
CAJAMARCA,CAJAMARCA,4,110
CAJAMARCA,CAJAMARCA,5,193
CAJAMARCA,CAJAMARCA,6,459
CAJAMARCA,CAJAMARCA,7,1814
CAJAMARCA,CAJAMARCA,8,3381
CAJAMARCA,CAJAMARCA,9,1600
CAJAMARCA,CAJAMARCA,10,448
CAJAMARCA,CAJAMARCA,11,359
CAJAMARCA,CAJAMARCA,12,311
CAJAMARCA,CELENDIN,1,40
CAJAMARCA,CELENDIN,4,6
CAJAMARCA,CELENDIN,5,31
CAJAMARCA,CELENDIN,6,26
CAJAMARCA,CELENDIN,7,72
CAJAMARCA,CELENDIN,8,87
CAJAMARCA,CELENDIN,9,110
CAJAMARCA,CELENDIN,10,25
CAJAMARCA,CELENDIN,11,26
CAJAMARCA,CELENDIN,12,30
CAJAMARCA,CHOTA,1,59
CAJAMARCA,CHOTA,4,28
CAJAMARCA,CHOTA,5,15
CAJAMARCA,CHOTA,6,73
CAJAMARCA,CHOTA,7,90
CAJAMARCA,CHOTA,8,312
CAJAMARCA,CHOTA,9,188
CAJAMARCA,CHOTA,10,125
CAJAMARCA,CHOTA,11,87
CAJAMARCA,CHOTA,12,86
CAJAMARCA,CONTUMAZA,1,5
CAJAMARCA,CONTUMAZA,4,4
CAJAMARCA,CONTUMAZA,5,9
CAJAMARCA,CONTUMAZA,6,19
CAJAMARCA,CONTUMAZA,7,27
CAJAMARCA,CONTUMAZA,8,93
CAJAMARCA,CONTUMAZA,9,29
CAJAMARCA,CONTUMAZA,10,21
CAJAMARCA,CONTUMAZA,11,8
CAJAMARCA,CONTUMAZA,12,13
CAJAMARCA,CUTERVO,1,57
CAJAMARCA,CUTERVO,4,3
CAJAMARCA,CUTERVO,5,12
CAJAMARCA,CUTERVO,6,74
CAJAMARCA,CUTERVO,7,58
CAJAMARCA,CUTERVO,8,210
CAJAMARCA,CUTERVO,9,155
CAJAMARCA,CUTERVO,10,136
CAJAMARCA,CUTERVO,11,106
CAJAMARCA,CUTERVO,12,121
CAJAMARCA,EN INVESTIGACIÓN,1,3
CAJAMARCA,EN INVESTIGACIÓN,4,4
CAJAMARCA,EN INVESTIGACIÓN,5,3
CAJAMARCA,EN INVESTIGACIÓN,6,17
CAJAMARCA,EN INVESTIGACIÓN,7,153
CAJAMARCA,EN INVESTIGACIÓN,8,321
CAJAMARCA,EN INVESTIGACIÓN,9,283
CAJAMARCA,EN INVESTIGACIÓN,10,74
CAJAMARCA,EN INVESTIGACIÓN,11,79
CAJAMARCA,EN INVESTIGACIÓN,12,20
CAJAMARCA,HUALGAYOC,1,20
CAJAMARCA,HUALGAYOC,4,27
CAJAMARCA,HUALGAYOC,5,30
CAJAMARCA,HUALGAYOC,6,39
CAJAMARCA,HUALGAYOC,7,108
CAJAMARCA,HUALGAYOC,8,459
CAJAMARCA,HUALGAYOC,9,203
CAJAMARCA,HUALGAYOC,10,130
CAJAMARCA,HUALGAYOC,11,93
CAJAMARCA,HUALGAYOC,12,97
CAJAMARCA,JAEN,1,300
CAJAMARCA,JAEN,4,39
CAJAMARCA,JAEN,5,175
CAJAMARCA,JAEN,6,701
CAJAMARCA,JAEN,7,2565
CAJAMARCA,JAEN,8,2578
CAJAMARCA,JAEN,9,864
CAJAMARCA,JAEN,10,482
CAJAMARCA,JAEN,11,292
CAJAMARCA,JAEN,12,276
CAJAMARCA,SAN IGNACIO,1,22
CAJAMARCA,SAN IGNACIO,5,10
CAJAMARCA,SAN IGNACIO,6,51
CAJAMARCA,SAN IGNACIO,7,476
CAJAMARCA,SAN IGNACIO,8,877
CAJAMARCA,SAN IGNACIO,9,561
CAJAMARCA,SAN IGNACIO,10,177
CAJAMARCA,SAN IGNACIO,11,108
CAJAMARCA,SAN IGNACIO,12,83
CAJAMARCA,SAN MARCOS,1,6
CAJAMARCA,SAN MARCOS,5,4
CAJAMARCA,SAN MARCOS,6,7
CAJAMARCA,SAN MARCOS,7,30
CAJAMARCA,SAN MARCOS,8,107
CAJAMARCA,SAN MARCOS,9,21
CAJAMARCA,SAN MARCOS,10,25
CAJAMARCA,SAN MARCOS,11,24
CAJAMARCA,SAN MARCOS,12,46
CAJAMARCA,SAN MIGUEL,1,6
CAJAMARCA,SAN MIGUEL,4,3
CAJAMARCA,SAN MIGUEL,5,17
CAJAMARCA,SAN MIGUEL,6,39
CAJAMARCA,SAN MIGUEL,7,50
CAJAMARCA,SAN MIGUEL,8,141
CAJAMARCA,SAN MIGUEL,9,45
CAJAMARCA,SAN MIGUEL,10,14
CAJAMARCA,SAN MIGUEL,11,17
CAJAMARCA,SAN MIGUEL,12,15
CAJAMARCA,SAN PABLO,1,6
CAJAMARCA,SAN PABLO,4,3
CAJAMARCA,SAN PABLO,5,5
CAJAMARCA,SAN PABLO,6,5
CAJAMARCA,SAN PABLO,7,33
CAJAMARCA,SAN PABLO,8,49
CAJAMARCA,SAN PABLO,9,23
CAJAMARCA,SAN PABLO,10,12
CAJAMARCA,SAN PABLO,11,16
CAJAMARCA,SAN PABLO,12,18
CAJAMARCA,SANTA CRUZ,1,3
CAJAMARCA,SANTA CRUZ,4,42
CAJAMARCA,SANTA CRUZ,5,49
CAJAMARCA,SANTA CRUZ,6,23
CAJAMARCA,SANTA CRUZ,7,15
CAJAMARCA,SANTA CRUZ,8,97
CAJAMARCA,SANTA CRUZ,9,31
CAJAMARCA,SANTA CRUZ,10,43
CAJAMARCA,SANTA CRUZ,11,17
CAJAMARCA,SANTA CRUZ,12,27
CALLAO,CALLAO,1,1073
CALLAO,CALLAO,3,39
CALLAO,CALLAO,4,4070
CALLAO,CALLAO,5,8141
CALLAO,CALLAO,6,5361
CALLAO,CALLAO,7,3615
CALLAO,CALLAO,8,6098
CALLAO,CALLAO,9,5749
CALLAO,CALLAO,10,3665
CALLAO,CALLAO,11,2491
CALLAO,CALLAO,12,2070
CALLAO,EN INVESTIGACIÓN,1,113
CALLAO,EN INVESTIGACIÓN,3,7
CALLAO,EN INVESTIGACIÓN,4,158
CALLAO,EN INVESTIGACIÓN,5,504
CALLAO,EN INVESTIGACIÓN,6,293
CALLAO,EN INVESTIGACIÓN,7,200
CALLAO,EN INVESTIGACIÓN,8,327
CALLAO,EN INVESTIGACIÓN,9,266
CALLAO,EN INVESTIGACIÓN,10,141
CALLAO,EN INVESTIGACIÓN,11,133
CALLAO,EN INVESTIGACIÓN,12,245
CUSCO,ACOMAYO,1,5
CUSCO,ACOMAYO,5,14
CUSCO,ACOMAYO,6,10
CUSCO,ACOMAYO,7,3
CUSCO,ACOMAYO,8,44
CUSCO,ACOMAYO,9,52
CUSCO,ACOMAYO,10,8
CUSCO,ACOMAYO,11,6
CUSCO,ACOMAYO,12,4
CUSCO,ANTA,1,3
CUSCO,ANTA,4,4
CUSCO,ANTA,5,39
CUSCO,ANTA,6,26
CUSCO,ANTA,7,33
CUSCO,ANTA,8,244
CUSCO,ANTA,9,167
CUSCO,ANTA,10,27
CUSCO,ANTA,11,18
CUSCO,ANTA,12,22
CUSCO,CALCA,1,8
CUSCO,CALCA,4,3
CUSCO,CALCA,5,21
CUSCO,CALCA,6,13
CUSCO,CALCA,7,25
CUSCO,CALCA,8,131
CUSCO,CALCA,9,71
CUSCO,CALCA,10,29
CUSCO,CALCA,11,20
CUSCO,CALCA,12,14
CUSCO,CANAS,1,1
CUSCO,CANAS,4,3
CUSCO,CANAS,5,11
CUSCO,CANAS,6,4
CUSCO,CANAS,7,9
CUSCO,CANAS,8,42
CUSCO,CANAS,9,46
CUSCO,CANAS,10,9
CUSCO,CANAS,11,9
CUSCO,CANAS,12,3
CUSCO,CANCHIS,1,33
CUSCO,CANCHIS,4,15
CUSCO,CANCHIS,5,14
CUSCO,CANCHIS,6,22
CUSCO,CANCHIS,7,72
CUSCO,CANCHIS,8,486
CUSCO,CANCHIS,9,362
CUSCO,CANCHIS,10,188
CUSCO,CANCHIS,11,86
CUSCO,CANCHIS,12,57
CUSCO,CHUMBIVILCAS,1,29
CUSCO,CHUMBIVILCAS,4,3
CUSCO,CHUMBIVILCAS,5,17
CUSCO,CHUMBIVILCAS,6,2
CUSCO,CHUMBIVILCAS,7,9
CUSCO,CHUMBIVILCAS,8,110
CUSCO,CHUMBIVILCAS,9,60
CUSCO,CHUMBIVILCAS,10,35
CUSCO,CHUMBIVILCAS,11,16
CUSCO,CHUMBIVILCAS,12,63
CUSCO,CUSCO,1,315
CUSCO,CUSCO,3,33
CUSCO,CUSCO,4,224
CUSCO,CUSCO,5,579
CUSCO,CUSCO,6,360
CUSCO,CUSCO,7,2099
CUSCO,CUSCO,8,8043
CUSCO,CUSCO,9,3177
CUSCO,CUSCO,10,794
CUSCO,CUSCO,11,713
CUSCO,CUSCO,12,752
CUSCO,EN INVESTIGACIÓN,1,1
CUSCO,EN INVESTIGACIÓN,4,1
CUSCO,EN INVESTIGACIÓN,5,11
CUSCO,EN INVESTIGACIÓN,6,2
CUSCO,EN INVESTIGACIÓN,7,7
CUSCO,EN INVESTIGACIÓN,8,17
CUSCO,EN INVESTIGACIÓN,9,20
CUSCO,EN INVESTIGACIÓN,10,67
CUSCO,EN INVESTIGACIÓN,11,17
CUSCO,EN INVESTIGACIÓN,12,8
CUSCO,ESPINAR,1,25
CUSCO,ESPINAR,4,7
CUSCO,ESPINAR,5,28
CUSCO,ESPINAR,6,20
CUSCO,ESPINAR,7,11
CUSCO,ESPINAR,8,96
CUSCO,ESPINAR,9,177
CUSCO,ESPINAR,10,359
CUSCO,ESPINAR,11,75
CUSCO,ESPINAR,12,90
CUSCO,LA CONVENCION,1,143
CUSCO,LA CONVENCION,3,1
CUSCO,LA CONVENCION,4,7
CUSCO,LA CONVENCION,5,65
CUSCO,LA CONVENCION,6,271
CUSCO,LA CONVENCION,7,680
CUSCO,LA CONVENCION,8,978
CUSCO,LA CONVENCION,9,501
CUSCO,LA CONVENCION,10,368
CUSCO,LA CONVENCION,11,249
CUSCO,LA CONVENCION,12,254
CUSCO,PARURO,1,2
CUSCO,PARURO,5,16
CUSCO,PARURO,6,6
CUSCO,PARURO,7,5
CUSCO,PARURO,8,27
CUSCO,PARURO,9,18
CUSCO,PARURO,10,29
CUSCO,PARURO,11,3
CUSCO,PARURO,12,4
CUSCO,PAUCARTAMBO,1,2
CUSCO,PAUCARTAMBO,4,1
CUSCO,PAUCARTAMBO,5,6
CUSCO,PAUCARTAMBO,6,4
CUSCO,PAUCARTAMBO,7,10
CUSCO,PAUCARTAMBO,8,78
CUSCO,PAUCARTAMBO,9,38
CUSCO,PAUCARTAMBO,10,19
CUSCO,PAUCARTAMBO,11,14
CUSCO,PAUCARTAMBO,12,4
CUSCO,QUISPICANCHI,1,13
CUSCO,QUISPICANCHI,4,4
CUSCO,QUISPICANCHI,5,15
CUSCO,QUISPICANCHI,6,16
CUSCO,QUISPICANCHI,7,58
CUSCO,QUISPICANCHI,8,339
CUSCO,QUISPICANCHI,9,144
CUSCO,QUISPICANCHI,10,42
CUSCO,QUISPICANCHI,11,50
CUSCO,QUISPICANCHI,12,22
CUSCO,URUBAMBA,1,9
CUSCO,URUBAMBA,4,12
CUSCO,URUBAMBA,5,5
CUSCO,URUBAMBA,6,20
CUSCO,URUBAMBA,7,36
CUSCO,URUBAMBA,8,213
CUSCO,URUBAMBA,9,129
CUSCO,URUBAMBA,10,49
CUSCO,URUBAMBA,11,72
CUSCO,URUBAMBA,12,17
HUANCAVELICA,ACOBAMBA,1,5
HUANCAVELICA,ACOBAMBA,4,42
HUANCAVELICA,ACOBAMBA,5,86
HUANCAVELICA,ACOBAMBA,6,77
HUANCAVELICA,ACOBAMBA,7,68
HUANCAVELICA,ACOBAMBA,8,179
HUANCAVELICA,ACOBAMBA,9,118
HUANCAVELICA,ACOBAMBA,10,60
HUANCAVELICA,ACOBAMBA,11,21
HUANCAVELICA,ACOBAMBA,12,9
HUANCAVELICA,ANGARAES,1,11
HUANCAVELICA,ANGARAES,4,9
HUANCAVELICA,ANGARAES,5,68
HUANCAVELICA,ANGARAES,6,38
HUANCAVELICA,ANGARAES,7,62
HUANCAVELICA,ANGARAES,8,381
HUANCAVELICA,ANGARAES,9,189
HUANCAVELICA,ANGARAES,10,45
HUANCAVELICA,ANGARAES,11,47
HUANCAVELICA,ANGARAES,12,27
HUANCAVELICA,CASTROVIRREYNA,4,1
HUANCAVELICA,CASTROVIRREYNA,5,23
HUANCAVELICA,CASTROVIRREYNA,6,22
HUANCAVELICA,CASTROVIRREYNA,7,32
HUANCAVELICA,CASTROVIRREYNA,8,65
HUANCAVELICA,CASTROVIRREYNA,9,28
HUANCAVELICA,CASTROVIRREYNA,10,11
HUANCAVELICA,CASTROVIRREYNA,11,10
HUANCAVELICA,CASTROVIRREYNA,12,4
HUANCAVELICA,CHURCAMPA,1,1
HUANCAVELICA,CHURCAMPA,4,7
HUANCAVELICA,CHURCAMPA,5,13
HUANCAVELICA,CHURCAMPA,6,22
HUANCAVELICA,CHURCAMPA,7,35
HUANCAVELICA,CHURCAMPA,8,97
HUANCAVELICA,CHURCAMPA,9,103
HUANCAVELICA,CHURCAMPA,10,33
HUANCAVELICA,CHURCAMPA,11,35
HUANCAVELICA,CHURCAMPA,12,12
HUANCAVELICA,EN INVESTIGACIÓN,5,2
HUANCAVELICA,EN INVESTIGACIÓN,6,3
HUANCAVELICA,EN INVESTIGACIÓN,7,16
HUANCAVELICA,EN INVESTIGACIÓN,8,26
HUANCAVELICA,EN INVESTIGACIÓN,9,97
HUANCAVELICA,EN INVESTIGACIÓN,10,5
HUANCAVELICA,EN INVESTIGACIÓN,11,2
HUANCAVELICA,EN INVESTIGACIÓN,12,2
HUANCAVELICA,HUANCAVELICA,1,54
HUANCAVELICA,HUANCAVELICA,3,1
HUANCAVELICA,HUANCAVELICA,4,67
HUANCAVELICA,HUANCAVELICA,5,176
HUANCAVELICA,HUANCAVELICA,6,138
HUANCAVELICA,HUANCAVELICA,7,556
HUANCAVELICA,HUANCAVELICA,8,1916
HUANCAVELICA,HUANCAVELICA,9,1026
HUANCAVELICA,HUANCAVELICA,10,153
HUANCAVELICA,HUANCAVELICA,11,145
HUANCAVELICA,HUANCAVELICA,12,121
HUANCAVELICA,HUAYTARA,1,16
HUANCAVELICA,HUAYTARA,4,1
HUANCAVELICA,HUAYTARA,5,30
HUANCAVELICA,HUAYTARA,6,16
HUANCAVELICA,HUAYTARA,7,29
HUANCAVELICA,HUAYTARA,8,73
HUANCAVELICA,HUAYTARA,9,49
HUANCAVELICA,HUAYTARA,10,15
HUANCAVELICA,HUAYTARA,11,21
HUANCAVELICA,HUAYTARA,12,24
HUANCAVELICA,TAYACAJA,1,8
HUANCAVELICA,TAYACAJA,4,8
HUANCAVELICA,TAYACAJA,5,26
HUANCAVELICA,TAYACAJA,6,37
HUANCAVELICA,TAYACAJA,7,143
HUANCAVELICA,TAYACAJA,8,361
HUANCAVELICA,TAYACAJA,9,278
HUANCAVELICA,TAYACAJA,10,225
HUANCAVELICA,TAYACAJA,11,27
HUANCAVELICA,TAYACAJA,12,24
HUANUCO,AMBO,1,73
HUANUCO,AMBO,4,5
HUANUCO,AMBO,5,24
HUANUCO,AMBO,6,20
HUANUCO,AMBO,7,114
HUANUCO,AMBO,8,208
HUANUCO,AMBO,9,48
HUANUCO,AMBO,10,14
HUANUCO,AMBO,11,48
HUANUCO,AMBO,12,144
HUANUCO,DOS DE MAYO,1,8
HUANUCO,DOS DE MAYO,4,4
HUANUCO,DOS DE MAYO,5,6
HUANUCO,DOS DE MAYO,6,15
HUANUCO,DOS DE MAYO,7,123
HUANUCO,DOS DE MAYO,8,92
HUANUCO,DOS DE MAYO,9,49
HUANUCO,DOS DE MAYO,10,24
HUANUCO,DOS DE MAYO,11,10
HUANUCO,DOS DE MAYO,12,40
HUANUCO,EN INVESTIGACIÓN,1,86
HUANUCO,EN INVESTIGACIÓN,3,1
HUANUCO,EN INVESTIGACIÓN,4,33
HUANUCO,EN INVESTIGACIÓN,5,33
HUANUCO,EN INVESTIGACIÓN,6,366
HUANUCO,EN INVESTIGACIÓN,7,988
HUANUCO,EN INVESTIGACIÓN,8,1310
HUANUCO,EN INVESTIGACIÓN,9,419
HUANUCO,EN INVESTIGACIÓN,10,271
HUANUCO,EN INVESTIGACIÓN,11,197
HUANUCO,EN INVESTIGACIÓN,12,179
HUANUCO,HUACAYBAMBA,1,2
HUANUCO,HUACAYBAMBA,5,3
HUANUCO,HUACAYBAMBA,6,2
HUANUCO,HUACAYBAMBA,7,2
HUANUCO,HUACAYBAMBA,8,26
HUANUCO,HUACAYBAMBA,9,45
HUANUCO,HUACAYBAMBA,10,37
HUANUCO,HUACAYBAMBA,11,22
HUANUCO,HUACAYBAMBA,12,23
HUANUCO,HUAMALIES,1,19
HUANUCO,HUAMALIES,4,64
HUANUCO,HUAMALIES,5,50
HUANUCO,HUAMALIES,6,29
HUANUCO,HUAMALIES,7,87
HUANUCO,HUAMALIES,8,129
HUANUCO,HUAMALIES,9,82
HUANUCO,HUAMALIES,10,37
HUANUCO,HUAMALIES,11,25
HUANUCO,HUAMALIES,12,62
HUANUCO,HUANUCO,1,581
HUANUCO,HUANUCO,3,5
HUANUCO,HUANUCO,4,157
HUANUCO,HUANUCO,5,314
HUANUCO,HUANUCO,6,883
HUANUCO,HUANUCO,7,2868
HUANUCO,HUANUCO,8,3339
HUANUCO,HUANUCO,9,1931
HUANUCO,HUANUCO,10,575
HUANUCO,HUANUCO,11,595
HUANUCO,HUANUCO,12,829
HUANUCO,LAURICOCHA,1,6
HUANUCO,LAURICOCHA,4,4
HUANUCO,LAURICOCHA,5,4
HUANUCO,LAURICOCHA,6,8
HUANUCO,LAURICOCHA,7,15
HUANUCO,LAURICOCHA,8,11
HUANUCO,LAURICOCHA,9,8
HUANUCO,LAURICOCHA,10,2
HUANUCO,LAURICOCHA,11,1
HUANUCO,LAURICOCHA,12,2
HUANUCO,LEONCIO PRADO,1,34
HUANUCO,LEONCIO PRADO,4,20
HUANUCO,LEONCIO PRADO,5,40
HUANUCO,LEONCIO PRADO,6,138
HUANUCO,LEONCIO PRADO,7,321
HUANUCO,LEONCIO PRADO,8,776
HUANUCO,LEONCIO PRADO,9,137
HUANUCO,LEONCIO PRADO,10,89
HUANUCO,LEONCIO PRADO,11,54
HUANUCO,LEONCIO PRADO,12,75
HUANUCO,MARAÑON,1,5
HUANUCO,MARAÑON,5,3
HUANUCO,MARAÑON,6,16
HUANUCO,MARAÑON,7,45
HUANUCO,MARAÑON,8,79
HUANUCO,MARAÑON,9,30
HUANUCO,MARAÑON,10,3
HUANUCO,PACHITEA,1,15
HUANUCO,PACHITEA,4,8
HUANUCO,PACHITEA,5,12
HUANUCO,PACHITEA,6,25
HUANUCO,PACHITEA,7,61
HUANUCO,PACHITEA,8,129
HUANUCO,PACHITEA,9,81
HUANUCO,PACHITEA,10,17
HUANUCO,PACHITEA,11,25
HUANUCO,PACHITEA,12,27
HUANUCO,PUERTO INCA,1,16
HUANUCO,PUERTO INCA,4,2
HUANUCO,PUERTO INCA,5,49
HUANUCO,PUERTO INCA,6,152
HUANUCO,PUERTO INCA,7,183
HUANUCO,PUERTO INCA,8,536
HUANUCO,PUERTO INCA,9,138
HUANUCO,PUERTO INCA,10,64
HUANUCO,PUERTO INCA,11,50
HUANUCO,PUERTO INCA,12,41
HUANUCO,YAROWILCA,1,13
HUANUCO,YAROWILCA,4,1
HUANUCO,YAROWILCA,5,4
HUANUCO,YAROWILCA,6,24
HUANUCO,YAROWILCA,7,35
HUANUCO,YAROWILCA,8,36
HUANUCO,YAROWILCA,9,21
HUANUCO,YAROWILCA,10,17
HUANUCO,YAROWILCA,11,7
HUANUCO,YAROWILCA,12,8
ICA,CHINCHA,1,83
ICA,CHINCHA,3,3
ICA,CHINCHA,4,158
ICA,CHINCHA,5,1099
ICA,CHINCHA,6,779
ICA,CHINCHA,7,984
ICA,CHINCHA,8,1410
ICA,CHINCHA,9,912
ICA,CHINCHA,10,180
ICA,CHINCHA,11,129
ICA,CHINCHA,12,200
ICA,EN INVESTIGACIÓN,1,25
ICA,EN INVESTIGACIÓN,4,6
ICA,EN INVESTIGACIÓN,5,10
ICA,EN INVESTIGACIÓN,6,118
ICA,EN INVESTIGACIÓN,7,471
ICA,EN INVESTIGACIÓN,8,802
ICA,EN INVESTIGACIÓN,9,722
ICA,EN INVESTIGACIÓN,10,145
ICA,EN INVESTIGACIÓN,11,62
ICA,EN INVESTIGACIÓN,12,59
ICA,ICA,1,466
ICA,ICA,3,4
ICA,ICA,4,317
ICA,ICA,5,942
ICA,ICA,6,1863
ICA,ICA,7,2978
ICA,ICA,8,4292
ICA,ICA,9,2679
ICA,ICA,10,666
ICA,ICA,11,232
ICA,ICA,12,506
ICA,NAZCA,1,11
ICA,NAZCA,4,69
ICA,NAZCA,5,364
ICA,NAZCA,6,328
ICA,NAZCA,7,313
ICA,NAZCA,8,515
ICA,NAZCA,9,619
ICA,NAZCA,10,166
ICA,NAZCA,11,55
ICA,NAZCA,12,37
ICA,PALPA,1,25
ICA,PALPA,4,75
ICA,PALPA,5,138
ICA,PALPA,6,135
ICA,PALPA,7,203
ICA,PALPA,8,291
ICA,PALPA,9,222
ICA,PALPA,10,43
ICA,PALPA,11,17
ICA,PALPA,12,20
ICA,PISCO,1,126
ICA,PISCO,3,1
ICA,PISCO,4,79
ICA,PISCO,5,529
ICA,PISCO,6,937
ICA,PISCO,7,1189
ICA,PISCO,8,1699
ICA,PISCO,9,934
ICA,PISCO,10,242
ICA,PISCO,11,84
ICA,PISCO,12,135
JUNIN,CHANCHAMAYO,1,124
JUNIN,CHANCHAMAYO,4,52
JUNIN,CHANCHAMAYO,5,256
JUNIN,CHANCHAMAYO,6,417
JUNIN,CHANCHAMAYO,7,548
JUNIN,CHANCHAMAYO,8,796
JUNIN,CHANCHAMAYO,9,544
JUNIN,CHANCHAMAYO,10,480
JUNIN,CHANCHAMAYO,11,376
JUNIN,CHANCHAMAYO,12,456
JUNIN,CHUPACA,1,33
JUNIN,CHUPACA,4,46
JUNIN,CHUPACA,5,113
JUNIN,CHUPACA,6,71
JUNIN,CHUPACA,7,285
JUNIN,CHUPACA,8,438
JUNIN,CHUPACA,9,277
JUNIN,CHUPACA,10,216
JUNIN,CHUPACA,11,120
JUNIN,CHUPACA,12,162
JUNIN,CONCEPCION,1,39
JUNIN,CONCEPCION,4,9
JUNIN,CONCEPCION,5,28
JUNIN,CONCEPCION,6,49
JUNIN,CONCEPCION,7,148
JUNIN,CONCEPCION,8,201
JUNIN,CONCEPCION,9,190
JUNIN,CONCEPCION,10,60
JUNIN,CONCEPCION,11,25
JUNIN,CONCEPCION,12,26
JUNIN,EN INVESTIGACIÓN,1,2
JUNIN,EN INVESTIGACIÓN,4,6
JUNIN,EN INVESTIGACIÓN,5,14
JUNIN,EN INVESTIGACIÓN,6,27
JUNIN,EN INVESTIGACIÓN,7,41
JUNIN,EN INVESTIGACIÓN,8,52
JUNIN,EN INVESTIGACIÓN,9,67
JUNIN,EN INVESTIGACIÓN,10,26
JUNIN,EN INVESTIGACIÓN,11,5
JUNIN,EN INVESTIGACIÓN,12,7
JUNIN,HUANCAYO,1,980
JUNIN,HUANCAYO,3,16
JUNIN,HUANCAYO,4,247
JUNIN,HUANCAYO,5,623
JUNIN,HUANCAYO,6,1179
JUNIN,HUANCAYO,7,2482
JUNIN,HUANCAYO,8,4005
JUNIN,HUANCAYO,9,2266
JUNIN,HUANCAYO,10,1261
JUNIN,HUANCAYO,11,541
JUNIN,HUANCAYO,12,1059
JUNIN,JAUJA,1,66
JUNIN,JAUJA,4,19
JUNIN,JAUJA,5,55
JUNIN,JAUJA,6,45
JUNIN,JAUJA,7,135
JUNIN,JAUJA,8,261
JUNIN,JAUJA,9,109
JUNIN,JAUJA,10,97
JUNIN,JAUJA,11,59
JUNIN,JAUJA,12,298
JUNIN,JUNIN,1,28
JUNIN,JUNIN,4,20
JUNIN,JUNIN,5,99
JUNIN,JUNIN,6,33
JUNIN,JUNIN,7,41
JUNIN,JUNIN,8,127
JUNIN,JUNIN,9,76
JUNIN,JUNIN,10,22
JUNIN,JUNIN,11,55
JUNIN,JUNIN,12,77
JUNIN,SATIPO,1,236
JUNIN,SATIPO,4,25
JUNIN,SATIPO,5,103
JUNIN,SATIPO,6,159
JUNIN,SATIPO,7,257
JUNIN,SATIPO,8,920
JUNIN,SATIPO,9,513
JUNIN,SATIPO,10,893
JUNIN,SATIPO,11,694
JUNIN,SATIPO,12,569
JUNIN,TARMA,1,57
JUNIN,TARMA,4,38
JUNIN,TARMA,5,99
JUNIN,TARMA,6,55
JUNIN,TARMA,7,139
JUNIN,TARMA,8,382
JUNIN,TARMA,9,224
JUNIN,TARMA,10,171
JUNIN,TARMA,11,70
JUNIN,TARMA,12,63
JUNIN,YAULI,1,24
JUNIN,YAULI,4,31
JUNIN,YAULI,5,107
JUNIN,YAULI,6,151
JUNIN,YAULI,7,188
JUNIN,YAULI,8,281
JUNIN,YAULI,9,260
JUNIN,YAULI,10,65
JUNIN,YAULI,11,43
JUNIN,YAULI,12,54
LA LIBERTAD,ASCOPE,1,24
LA LIBERTAD,ASCOPE,4,44
LA LIBERTAD,ASCOPE,5,173
LA LIBERTAD,ASCOPE,6,325
LA LIBERTAD,ASCOPE,7,354
LA LIBERTAD,ASCOPE,8,673
LA LIBERTAD,ASCOPE,9,524
LA LIBERTAD,ASCOPE,10,41
LA LIBERTAD,ASCOPE,11,35
LA LIBERTAD,ASCOPE,12,29
LA LIBERTAD,BOLIVAR,7,3
LA LIBERTAD,BOLIVAR,8,5
LA LIBERTAD,BOLIVAR,9,3
LA LIBERTAD,BOLIVAR,10,2
LA LIBERTAD,BOLIVAR,11,2
LA LIBERTAD,BOLIVAR,12,3
LA LIBERTAD,CHEPEN,1,5
LA LIBERTAD,CHEPEN,4,138
LA LIBERTAD,CHEPEN,5,344
LA LIBERTAD,CHEPEN,6,613
LA LIBERTAD,CHEPEN,7,246
LA LIBERTAD,CHEPEN,8,392
LA LIBERTAD,CHEPEN,9,275
LA LIBERTAD,CHEPEN,10,246
LA LIBERTAD,CHEPEN,11,105
LA LIBERTAD,CHEPEN,12,25
LA LIBERTAD,EN INVESTIGACIÓN,4,4
LA LIBERTAD,EN INVESTIGACIÓN,5,21
LA LIBERTAD,EN INVESTIGACIÓN,6,65
LA LIBERTAD,EN INVESTIGACIÓN,7,62
LA LIBERTAD,EN INVESTIGACIÓN,8,129
LA LIBERTAD,EN INVESTIGACIÓN,9,103
LA LIBERTAD,EN INVESTIGACIÓN,10,5
LA LIBERTAD,EN INVESTIGACIÓN,11,1
LA LIBERTAD,GRAN CHIMU,1,1
LA LIBERTAD,GRAN CHIMU,4,3
LA LIBERTAD,GRAN CHIMU,5,4
LA LIBERTAD,GRAN CHIMU,6,31
LA LIBERTAD,GRAN CHIMU,7,73
LA LIBERTAD,GRAN CHIMU,8,173
LA LIBERTAD,GRAN CHIMU,9,114
LA LIBERTAD,GRAN CHIMU,10,57
LA LIBERTAD,GRAN CHIMU,11,37
LA LIBERTAD,GRAN CHIMU,12,14
LA LIBERTAD,JULCAN,1,1
LA LIBERTAD,JULCAN,5,4
LA LIBERTAD,JULCAN,6,4
LA LIBERTAD,JULCAN,7,28
LA LIBERTAD,JULCAN,8,18
LA LIBERTAD,JULCAN,9,13
LA LIBERTAD,JULCAN,10,12
LA LIBERTAD,JULCAN,11,30
LA LIBERTAD,JULCAN,12,23
LA LIBERTAD,OTUZCO,1,10
LA LIBERTAD,OTUZCO,5,26
LA LIBERTAD,OTUZCO,6,91
LA LIBERTAD,OTUZCO,7,156
LA LIBERTAD,OTUZCO,8,178
LA LIBERTAD,OTUZCO,9,176
LA LIBERTAD,OTUZCO,10,123
LA LIBERTAD,OTUZCO,11,58
LA LIBERTAD,OTUZCO,12,52
LA LIBERTAD,PACASMAYO,1,19
LA LIBERTAD,PACASMAYO,4,23
LA LIBERTAD,PACASMAYO,5,105
LA LIBERTAD,PACASMAYO,6,187
LA LIBERTAD,PACASMAYO,7,192
LA LIBERTAD,PACASMAYO,8,365
LA LIBERTAD,PACASMAYO,9,353
LA LIBERTAD,PACASMAYO,10,162
LA LIBERTAD,PACASMAYO,11,93
LA LIBERTAD,PACASMAYO,12,105
LA LIBERTAD,PATAZ,1,3
LA LIBERTAD,PATAZ,4,3
LA LIBERTAD,PATAZ,5,225
LA LIBERTAD,PATAZ,6,52
LA LIBERTAD,PATAZ,7,30
LA LIBERTAD,PATAZ,8,119
LA LIBERTAD,PATAZ,9,131
LA LIBERTAD,PATAZ,10,129
LA LIBERTAD,PATAZ,11,52
LA LIBERTAD,PATAZ,12,19
LA LIBERTAD,SANCHEZ CARRION,1,32
LA LIBERTAD,SANCHEZ CARRION,4,1
LA LIBERTAD,SANCHEZ CARRION,5,39
LA LIBERTAD,SANCHEZ CARRION,6,101
LA LIBERTAD,SANCHEZ CARRION,7,183
LA LIBERTAD,SANCHEZ CARRION,8,193
LA LIBERTAD,SANCHEZ CARRION,9,855
LA LIBERTAD,SANCHEZ CARRION,10,99
LA LIBERTAD,SANCHEZ CARRION,11,106
LA LIBERTAD,SANCHEZ CARRION,12,46
LA LIBERTAD,SANTIAGO DE CHUCO,1,12
LA LIBERTAD,SANTIAGO DE CHUCO,5,15
LA LIBERTAD,SANTIAGO DE CHUCO,6,33
LA LIBERTAD,SANTIAGO DE CHUCO,7,110
LA LIBERTAD,SANTIAGO DE CHUCO,8,130
LA LIBERTAD,SANTIAGO DE CHUCO,9,60
LA LIBERTAD,SANTIAGO DE CHUCO,10,85
LA LIBERTAD,SANTIAGO DE CHUCO,11,42
LA LIBERTAD,SANTIAGO DE CHUCO,12,56
LA LIBERTAD,TRUJILLO,1,658
LA LIBERTAD,TRUJILLO,3,29
LA LIBERTAD,TRUJILLO,4,769
LA LIBERTAD,TRUJILLO,5,2936
LA LIBERTAD,TRUJILLO,6,3799
LA LIBERTAD,TRUJILLO,7,4350
LA LIBERTAD,TRUJILLO,8,4846
LA LIBERTAD,TRUJILLO,9,3998
LA LIBERTAD,TRUJILLO,10,2049
LA LIBERTAD,TRUJILLO,11,1186
LA LIBERTAD,TRUJILLO,12,1224
LA LIBERTAD,VIRU,1,8
LA LIBERTAD,VIRU,4,82
LA LIBERTAD,VIRU,5,197
LA LIBERTAD,VIRU,6,250
LA LIBERTAD,VIRU,7,172
LA LIBERTAD,VIRU,8,231
LA LIBERTAD,VIRU,9,260
LA LIBERTAD,VIRU,10,115
LA LIBERTAD,VIRU,11,64
LA LIBERTAD,VIRU,12,26
LAMBAYEQUE,CHICLAYO,1,468
LAMBAYEQUE,CHICLAYO,3,28
LAMBAYEQUE,CHICLAYO,4,2232
LAMBAYEQUE,CHICLAYO,5,3969
LAMBAYEQUE,CHICLAYO,6,3277
LAMBAYEQUE,CHICLAYO,7,2491
LAMBAYEQUE,CHICLAYO,8,3220
LAMBAYEQUE,CHICLAYO,9,2736
LAMBAYEQUE,CHICLAYO,10,1854
LAMBAYEQUE,CHICLAYO,11,1430
LAMBAYEQUE,CHICLAYO,12,1756
LAMBAYEQUE,EN INVESTIGACIÓN,1,1
LAMBAYEQUE,EN INVESTIGACIÓN,4,8
LAMBAYEQUE,EN INVESTIGACIÓN,5,11
LAMBAYEQUE,EN INVESTIGACIÓN,6,169
LAMBAYEQUE,EN INVESTIGACIÓN,7,284
LAMBAYEQUE,EN INVESTIGACIÓN,8,538
LAMBAYEQUE,EN INVESTIGACIÓN,9,348
LAMBAYEQUE,EN INVESTIGACIÓN,10,102
LAMBAYEQUE,EN INVESTIGACIÓN,11,111
LAMBAYEQUE,EN INVESTIGACIÓN,12,111
LAMBAYEQUE,FERREÑAFE,1,35
LAMBAYEQUE,FERREÑAFE,3,6
LAMBAYEQUE,FERREÑAFE,4,453
LAMBAYEQUE,FERREÑAFE,5,631
LAMBAYEQUE,FERREÑAFE,6,250
LAMBAYEQUE,FERREÑAFE,7,109
LAMBAYEQUE,FERREÑAFE,8,231
LAMBAYEQUE,FERREÑAFE,9,145
LAMBAYEQUE,FERREÑAFE,10,103
LAMBAYEQUE,FERREÑAFE,11,44
LAMBAYEQUE,FERREÑAFE,12,64
LAMBAYEQUE,LAMBAYEQUE,1,74
LAMBAYEQUE,LAMBAYEQUE,3,1
LAMBAYEQUE,LAMBAYEQUE,4,416
LAMBAYEQUE,LAMBAYEQUE,5,1527
LAMBAYEQUE,LAMBAYEQUE,6,1125
LAMBAYEQUE,LAMBAYEQUE,7,935
LAMBAYEQUE,LAMBAYEQUE,8,1127
LAMBAYEQUE,LAMBAYEQUE,9,825
LAMBAYEQUE,LAMBAYEQUE,10,393
LAMBAYEQUE,LAMBAYEQUE,11,268
LAMBAYEQUE,LAMBAYEQUE,12,154
LIMA,BARRANCA,1,1
LIMA,EN INVESTIGACIÓN,1,1541
LIMA,EN INVESTIGACIÓN,3,1
LIMA,EN INVESTIGACIÓN,4,4
LIMA,EN INVESTIGACIÓN,5,8
LIMA,EN INVESTIGACIÓN,6,3094
LIMA,EN INVESTIGACIÓN,7,5009
LIMA,EN INVESTIGACIÓN,8,8563
LIMA,EN INVESTIGACIÓN,9,6007
LIMA,EN INVESTIGACIÓN,10,3817
LIMA,EN INVESTIGACIÓN,11,1815
LIMA,EN INVESTIGACIÓN,12,2022
LIMA,HUARAL,1,1
LIMA,HUAURA,1,1
LIMA,LIMA,1,12870
LIMA,LIMA,3,972
LIMA,LIMA,4,26901
LIMA,LIMA,5,72521
LIMA,LIMA,6,49327
LIMA,LIMA,7,49314
LIMA,LIMA,8,77404
LIMA,LIMA,9,50506
LIMA,LIMA,10,30014
LIMA,LIMA,11,15598
LIMA,LIMA,12,15187
LIMA REGION,BARRANCA,1,44
LIMA REGION,BARRANCA,3,1
LIMA REGION,BARRANCA,4,47
LIMA REGION,BARRANCA,5,159
LIMA REGION,BARRANCA,6,646
LIMA REGION,BARRANCA,7,1305
LIMA REGION,BARRANCA,8,1275
LIMA REGION,BARRANCA,9,593
LIMA REGION,BARRANCA,10,326
LIMA REGION,BARRANCA,11,257
LIMA REGION,BARRANCA,12,214
LIMA REGION,CAJATAMBO,1,2
LIMA REGION,CAJATAMBO,4,1
LIMA REGION,CAJATAMBO,5,9
LIMA REGION,CAJATAMBO,6,3
LIMA REGION,CAJATAMBO,7,7
LIMA REGION,CAJATAMBO,8,7
LIMA REGION,CAJATAMBO,9,3
LIMA REGION,CAJATAMBO,11,4
LIMA REGION,CAJATAMBO,12,1
LIMA REGION,CANTA,1,9
LIMA REGION,CANTA,4,11
LIMA REGION,CANTA,5,41
LIMA REGION,CANTA,6,106
LIMA REGION,CANTA,7,106
LIMA REGION,CANTA,8,58
LIMA REGION,CANTA,9,24
LIMA REGION,CANTA,10,12
LIMA REGION,CANTA,11,6
LIMA REGION,CANTA,12,9
LIMA REGION,CAÑETE,1,135
LIMA REGION,CAÑETE,3,1
LIMA REGION,CAÑETE,4,333
LIMA REGION,CAÑETE,5,1314
LIMA REGION,CAÑETE,6,1772
LIMA REGION,CAÑETE,7,1353
LIMA REGION,CAÑETE,8,1522
LIMA REGION,CAÑETE,9,747
LIMA REGION,CAÑETE,10,70
LIMA REGION,CAÑETE,11,84
LIMA REGION,CAÑETE,12,98
LIMA REGION,EN INVESTIGACIÓN,1,7
LIMA REGION,EN INVESTIGACIÓN,3,5
LIMA REGION,EN INVESTIGACIÓN,4,321
LIMA REGION,EN INVESTIGACIÓN,5,672
LIMA REGION,EN INVESTIGACIÓN,6,983
LIMA REGION,EN INVESTIGACIÓN,7,616
LIMA REGION,EN INVESTIGACIÓN,8,467
LIMA REGION,EN INVESTIGACIÓN,9,246
LIMA REGION,EN INVESTIGACIÓN,10,321
LIMA REGION,EN INVESTIGACIÓN,11,239
LIMA REGION,EN INVESTIGACIÓN,12,240
LIMA REGION,HUARAL,1,180
LIMA REGION,HUARAL,3,4
LIMA REGION,HUARAL,4,152
LIMA REGION,HUARAL,5,1355
LIMA REGION,HUARAL,6,1283
LIMA REGION,HUARAL,7,895
LIMA REGION,HUARAL,8,1949
LIMA REGION,HUARAL,9,572
LIMA REGION,HUARAL,10,237
LIMA REGION,HUARAL,11,127
LIMA REGION,HUARAL,12,199
LIMA REGION,HUAROCHIRI,1,26
LIMA REGION,HUAROCHIRI,4,51
LIMA REGION,HUAROCHIRI,5,278
LIMA REGION,HUAROCHIRI,6,186
LIMA REGION,HUAROCHIRI,7,263
LIMA REGION,HUAROCHIRI,8,480
LIMA REGION,HUAROCHIRI,9,160
LIMA REGION,HUAROCHIRI,10,56
LIMA REGION,HUAROCHIRI,11,45
LIMA REGION,HUAROCHIRI,12,35
LIMA REGION,HUAURA,1,191
LIMA REGION,HUAURA,3,2
LIMA REGION,HUAURA,4,208
LIMA REGION,HUAURA,5,626
LIMA REGION,HUAURA,6,1556
LIMA REGION,HUAURA,7,1717
LIMA REGION,HUAURA,8,1716
LIMA REGION,HUAURA,9,838
LIMA REGION,HUAURA,10,449
LIMA REGION,HUAURA,11,194
LIMA REGION,HUAURA,12,186
LIMA REGION,OYON,4,8
LIMA REGION,OYON,5,9
LIMA REGION,OYON,6,18
LIMA REGION,OYON,7,3
LIMA REGION,OYON,8,35
LIMA REGION,OYON,9,21
LIMA REGION,OYON,10,4
LIMA REGION,OYON,11,4
LIMA REGION,OYON,12,6
LIMA REGION,YAUYOS,1,2
LIMA REGION,YAUYOS,4,7
LIMA REGION,YAUYOS,5,20
LIMA REGION,YAUYOS,6,29
LIMA REGION,YAUYOS,7,60
LIMA REGION,YAUYOS,8,27
LIMA REGION,YAUYOS,9,40
LIMA REGION,YAUYOS,10,40
LIMA REGION,YAUYOS,11,6
LIMA REGION,YAUYOS,12,5
LORETO,ALTO AMAZONAS,1,9
LORETO,ALTO AMAZONAS,4,23
LORETO,ALTO AMAZONAS,5,712
LORETO,ALTO AMAZONAS,6,349
LORETO,ALTO AMAZONAS,7,509
LORETO,ALTO AMAZONAS,8,339
LORETO,ALTO AMAZONAS,9,216
LORETO,ALTO AMAZONAS,10,148
LORETO,ALTO AMAZONAS,11,111
LORETO,ALTO AMAZONAS,12,27
LORETO,DATEM DEL MARAÑON,4,7
LORETO,DATEM DEL MARAÑON,5,152
LORETO,DATEM DEL MARAÑON,6,404
LORETO,DATEM DEL MARAÑON,7,796
LORETO,DATEM DEL MARAÑON,8,564
LORETO,DATEM DEL MARAÑON,9,200
LORETO,DATEM DEL MARAÑON,10,161
LORETO,DATEM DEL MARAÑON,11,49
LORETO,DATEM DEL MARAÑON,12,25
LORETO,EN INVESTIGACIÓN,4,5
LORETO,EN INVESTIGACIÓN,5,29
LORETO,EN INVESTIGACIÓN,6,32
LORETO,EN INVESTIGACIÓN,7,6
LORETO,EN INVESTIGACIÓN,8,6
LORETO,EN INVESTIGACIÓN,9,1
LORETO,EN INVESTIGACIÓN,10,1
LORETO,EN INVESTIGACIÓN,11,1
LORETO,EN INVESTIGACIÓN,12,1
LORETO,LORETO,1,18
LORETO,LORETO,4,34
LORETO,LORETO,5,232
LORETO,LORETO,6,315
LORETO,LORETO,7,705
LORETO,LORETO,8,1008
LORETO,LORETO,9,503
LORETO,LORETO,10,176
LORETO,LORETO,11,169
LORETO,LORETO,12,176
LORETO,MARISCAL RAMON CASTILLA,1,1
LORETO,MARISCAL RAMON CASTILLA,4,32
LORETO,MARISCAL RAMON CASTILLA,5,161
LORETO,MARISCAL RAMON CASTILLA,6,112
LORETO,MARISCAL RAMON CASTILLA,7,119
LORETO,MARISCAL RAMON CASTILLA,8,346
LORETO,MARISCAL RAMON CASTILLA,9,284
LORETO,MARISCAL RAMON CASTILLA,10,186
LORETO,MARISCAL RAMON CASTILLA,11,121
LORETO,MARISCAL RAMON CASTILLA,12,10
LORETO,MAYNAS,1,121
LORETO,MAYNAS,3,62
LORETO,MAYNAS,4,1382
LORETO,MAYNAS,5,3104
LORETO,MAYNAS,6,2288
LORETO,MAYNAS,7,1238
LORETO,MAYNAS,8,1979
LORETO,MAYNAS,9,1307
LORETO,MAYNAS,10,797
LORETO,MAYNAS,11,631
LORETO,MAYNAS,12,573
LORETO,PUTUMAYO,4,1
LORETO,PUTUMAYO,5,8
LORETO,PUTUMAYO,6,153
LORETO,PUTUMAYO,7,285
LORETO,PUTUMAYO,8,381
LORETO,PUTUMAYO,9,53
LORETO,PUTUMAYO,10,17
LORETO,PUTUMAYO,11,162
LORETO,PUTUMAYO,12,140
LORETO,REQUENA,1,3
LORETO,REQUENA,4,5
LORETO,REQUENA,5,43
LORETO,REQUENA,6,195
LORETO,REQUENA,7,71
LORETO,REQUENA,8,246
LORETO,REQUENA,9,389
LORETO,REQUENA,10,360
LORETO,REQUENA,11,188
LORETO,REQUENA,12,42
LORETO,UCAYALI,4,3
LORETO,UCAYALI,5,159
LORETO,UCAYALI,6,178
LORETO,UCAYALI,7,101
LORETO,UCAYALI,8,65
LORETO,UCAYALI,9,175
LORETO,UCAYALI,10,29
LORETO,UCAYALI,11,49
LORETO,UCAYALI,12,10
MADRE DE DIOS,EN INVESTIGACIÓN,6,1
MADRE DE DIOS,EN INVESTIGACIÓN,7,10
MADRE DE DIOS,EN INVESTIGACIÓN,8,9
MADRE DE DIOS,EN INVESTIGACIÓN,9,6
MADRE DE DIOS,EN INVESTIGACIÓN,10,10
MADRE DE DIOS,EN INVESTIGACIÓN,11,31
MADRE DE DIOS,EN INVESTIGACIÓN,12,26
MADRE DE DIOS,MANU,1,4
MADRE DE DIOS,MANU,5,1
MADRE DE DIOS,MANU,6,33
MADRE DE DIOS,MANU,7,62
MADRE DE DIOS,MANU,8,390
MADRE DE DIOS,MANU,9,43
MADRE DE DIOS,MANU,10,32
MADRE DE DIOS,MANU,11,37
MADRE DE DIOS,MANU,12,21
MADRE DE DIOS,TAHUAMANU,1,3
MADRE DE DIOS,TAHUAMANU,4,6
MADRE DE DIOS,TAHUAMANU,5,43
MADRE DE DIOS,TAHUAMANU,6,60
MADRE DE DIOS,TAHUAMANU,7,247
MADRE DE DIOS,TAHUAMANU,8,292
MADRE DE DIOS,TAHUAMANU,9,189
MADRE DE DIOS,TAHUAMANU,10,63
MADRE DE DIOS,TAHUAMANU,11,33
MADRE DE DIOS,TAHUAMANU,12,40
MADRE DE DIOS,TAMBOPATA,1,12
MADRE DE DIOS,TAMBOPATA,3,1
MADRE DE DIOS,TAMBOPATA,4,122
MADRE DE DIOS,TAMBOPATA,5,419
MADRE DE DIOS,TAMBOPATA,6,1404
MADRE DE DIOS,TAMBOPATA,7,1536
MADRE DE DIOS,TAMBOPATA,8,2012
MADRE DE DIOS,TAMBOPATA,9,1622
MADRE DE DIOS,TAMBOPATA,10,374
MADRE DE DIOS,TAMBOPATA,11,264
MADRE DE DIOS,TAMBOPATA,12,172
MOQUEGUA,EN INVESTIGACIÓN,5,22
MOQUEGUA,EN INVESTIGACIÓN,6,15
MOQUEGUA,EN INVESTIGACIÓN,7,53
MOQUEGUA,EN INVESTIGACIÓN,8,122
MOQUEGUA,EN INVESTIGACIÓN,9,84
MOQUEGUA,EN INVESTIGACIÓN,10,8
MOQUEGUA,EN INVESTIGACIÓN,11,13
MOQUEGUA,EN INVESTIGACIÓN,12,17
MOQUEGUA,GENERAL SANCHEZ CERRO,1,12
MOQUEGUA,GENERAL SANCHEZ CERRO,4,2
MOQUEGUA,GENERAL SANCHEZ CERRO,5,5
MOQUEGUA,GENERAL SANCHEZ CERRO,6,38
MOQUEGUA,GENERAL SANCHEZ CERRO,7,96
MOQUEGUA,GENERAL SANCHEZ CERRO,8,191
MOQUEGUA,GENERAL SANCHEZ CERRO,9,82
MOQUEGUA,GENERAL SANCHEZ CERRO,10,19
MOQUEGUA,GENERAL SANCHEZ CERRO,11,14
MOQUEGUA,GENERAL SANCHEZ CERRO,12,8
MOQUEGUA,ILO,1,289
MOQUEGUA,ILO,4,85
MOQUEGUA,ILO,5,230
MOQUEGUA,ILO,6,118
MOQUEGUA,ILO,7,844
MOQUEGUA,ILO,8,1377
MOQUEGUA,ILO,9,838
MOQUEGUA,ILO,10,362
MOQUEGUA,ILO,11,403
MOQUEGUA,ILO,12,359
MOQUEGUA,MARISCAL NIETO,1,207
MOQUEGUA,MARISCAL NIETO,4,63
MOQUEGUA,MARISCAL NIETO,5,296
MOQUEGUA,MARISCAL NIETO,6,171
MOQUEGUA,MARISCAL NIETO,7,1227
MOQUEGUA,MARISCAL NIETO,8,4382
MOQUEGUA,MARISCAL NIETO,9,3079
MOQUEGUA,MARISCAL NIETO,10,665
MOQUEGUA,MARISCAL NIETO,11,460
MOQUEGUA,MARISCAL NIETO,12,390
PASCO,DANIEL ALCIDES CARRION,1,26
PASCO,DANIEL ALCIDES CARRION,4,13
PASCO,DANIEL ALCIDES CARRION,5,7
PASCO,DANIEL ALCIDES CARRION,6,16
PASCO,DANIEL ALCIDES CARRION,7,78
PASCO,DANIEL ALCIDES CARRION,8,189
PASCO,DANIEL ALCIDES CARRION,9,95
PASCO,DANIEL ALCIDES CARRION,10,105
PASCO,DANIEL ALCIDES CARRION,11,13
PASCO,DANIEL ALCIDES CARRION,12,18
PASCO,EN INVESTIGACIÓN,1,5
PASCO,EN INVESTIGACIÓN,4,9
PASCO,EN INVESTIGACIÓN,5,101
PASCO,EN INVESTIGACIÓN,6,7
PASCO,EN INVESTIGACIÓN,7,59
PASCO,EN INVESTIGACIÓN,8,54
PASCO,EN INVESTIGACIÓN,9,48
PASCO,EN INVESTIGACIÓN,10,6
PASCO,EN INVESTIGACIÓN,11,8
PASCO,EN INVESTIGACIÓN,12,6
PASCO,OXAPAMPA,1,36
PASCO,OXAPAMPA,4,35
PASCO,OXAPAMPA,5,151
PASCO,OXAPAMPA,6,160
PASCO,OXAPAMPA,7,155
PASCO,OXAPAMPA,8,349
PASCO,OXAPAMPA,9,217
PASCO,OXAPAMPA,10,202
PASCO,OXAPAMPA,11,242
PASCO,OXAPAMPA,12,131
PASCO,PASCO,1,214
PASCO,PASCO,3,1
PASCO,PASCO,4,106
PASCO,PASCO,5,245
PASCO,PASCO,6,330
PASCO,PASCO,7,653
PASCO,PASCO,8,1394
PASCO,PASCO,9,726
PASCO,PASCO,10,319
PASCO,PASCO,11,181
PASCO,PASCO,12,224
PIURA,AYABACA,1,57
PIURA,AYABACA,4,15
PIURA,AYABACA,5,75
PIURA,AYABACA,6,177
PIURA,AYABACA,7,152
PIURA,AYABACA,8,250
PIURA,AYABACA,9,207
PIURA,AYABACA,10,85
PIURA,AYABACA,11,58
PIURA,AYABACA,12,27
PIURA,EN INVESTIGACIÓN,1,32
PIURA,EN INVESTIGACIÓN,4,5
PIURA,EN INVESTIGACIÓN,5,27
PIURA,EN INVESTIGACIÓN,6,361
PIURA,EN INVESTIGACIÓN,7,398
PIURA,EN INVESTIGACIÓN,8,957
PIURA,EN INVESTIGACIÓN,9,805
PIURA,EN INVESTIGACIÓN,10,141
PIURA,EN INVESTIGACIÓN,11,94
PIURA,EN INVESTIGACIÓN,12,113
PIURA,HUANCABAMBA,1,7
PIURA,HUANCABAMBA,4,4
PIURA,HUANCABAMBA,5,25
PIURA,HUANCABAMBA,6,87
PIURA,HUANCABAMBA,7,83
PIURA,HUANCABAMBA,8,141
PIURA,HUANCABAMBA,9,79
PIURA,HUANCABAMBA,10,24
PIURA,HUANCABAMBA,11,11
PIURA,HUANCABAMBA,12,6
PIURA,MORROPON,1,15
PIURA,MORROPON,4,68
PIURA,MORROPON,5,250
PIURA,MORROPON,6,271
PIURA,MORROPON,7,384
PIURA,MORROPON,8,313
PIURA,MORROPON,9,242
PIURA,MORROPON,10,60
PIURA,MORROPON,11,54
PIURA,MORROPON,12,86
PIURA,PAITA,1,96
PIURA,PAITA,3,1
PIURA,PAITA,4,119
PIURA,PAITA,5,474
PIURA,PAITA,6,549
PIURA,PAITA,7,354
PIURA,PAITA,8,983
PIURA,PAITA,9,1141
PIURA,PAITA,10,224
PIURA,PAITA,11,119
PIURA,PAITA,12,230
PIURA,PIURA,1,359
PIURA,PIURA,3,22
PIURA,PIURA,4,1291
PIURA,PIURA,5,3666
PIURA,PIURA,6,3638
PIURA,PIURA,7,2262
PIURA,PIURA,8,3468
PIURA,PIURA,9,2869
PIURA,PIURA,10,899
PIURA,PIURA,11,1122
PIURA,PIURA,12,813
PIURA,SECHURA,1,12
PIURA,SECHURA,3,1
PIURA,SECHURA,4,40
PIURA,SECHURA,5,131
PIURA,SECHURA,6,170
PIURA,SECHURA,7,113
PIURA,SECHURA,8,142
PIURA,SECHURA,9,150
PIURA,SECHURA,10,88
PIURA,SECHURA,11,108
PIURA,SECHURA,12,102
PIURA,SULLANA,1,291
PIURA,SULLANA,3,1
PIURA,SULLANA,4,294
PIURA,SULLANA,5,2070
PIURA,SULLANA,6,2416
PIURA,SULLANA,7,927
PIURA,SULLANA,8,1537
PIURA,SULLANA,9,894
PIURA,SULLANA,10,639
PIURA,SULLANA,11,389
PIURA,SULLANA,12,232
PIURA,TALARA,1,87
PIURA,TALARA,4,81
PIURA,TALARA,5,542
PIURA,TALARA,6,883
PIURA,TALARA,7,86
PIURA,TALARA,8,163
PIURA,TALARA,9,107
PIURA,TALARA,10,173
PIURA,TALARA,11,76
PIURA,TALARA,12,95
PUNO,AZANGARO,1,16
PUNO,AZANGARO,4,6
PUNO,AZANGARO,5,7
PUNO,AZANGARO,6,19
PUNO,AZANGARO,7,49
PUNO,AZANGARO,8,361
PUNO,AZANGARO,9,262
PUNO,AZANGARO,10,99
PUNO,AZANGARO,11,71
PUNO,AZANGARO,12,45
PUNO,CARABAYA,1,11
PUNO,CARABAYA,4,1
PUNO,CARABAYA,5,7
PUNO,CARABAYA,6,18
PUNO,CARABAYA,7,29
PUNO,CARABAYA,8,157
PUNO,CARABAYA,9,145
PUNO,CARABAYA,10,57
PUNO,CARABAYA,11,65
PUNO,CARABAYA,12,53
PUNO,CHUCUITO,1,10
PUNO,CHUCUITO,4,19
PUNO,CHUCUITO,5,10
PUNO,CHUCUITO,6,9
PUNO,CHUCUITO,7,94
PUNO,CHUCUITO,8,238
PUNO,CHUCUITO,9,144
PUNO,CHUCUITO,10,73
PUNO,CHUCUITO,11,66
PUNO,CHUCUITO,12,34
PUNO,EL COLLAO,1,8
PUNO,EL COLLAO,4,6
PUNO,EL COLLAO,5,24
PUNO,EL COLLAO,6,6
PUNO,EL COLLAO,7,57
PUNO,EL COLLAO,8,157
PUNO,EL COLLAO,9,112
PUNO,EL COLLAO,10,100
PUNO,EL COLLAO,11,75
PUNO,EL COLLAO,12,17
PUNO,EN INVESTIGACIÓN,3,1
PUNO,EN INVESTIGACIÓN,4,2
PUNO,EN INVESTIGACIÓN,5,9
PUNO,EN INVESTIGACIÓN,6,21
PUNO,EN INVESTIGACIÓN,7,83
PUNO,EN INVESTIGACIÓN,8,119
PUNO,EN INVESTIGACIÓN,9,325
PUNO,EN INVESTIGACIÓN,10,30
PUNO,EN INVESTIGACIÓN,11,12
PUNO,EN INVESTIGACIÓN,12,10
PUNO,HUANCANE,1,3
PUNO,HUANCANE,4,8
PUNO,HUANCANE,5,19
PUNO,HUANCANE,6,10
PUNO,HUANCANE,7,33
PUNO,HUANCANE,8,180
PUNO,HUANCANE,9,146
PUNO,HUANCANE,10,86
PUNO,HUANCANE,11,50
PUNO,HUANCANE,12,39
PUNO,LAMPA,1,11
PUNO,LAMPA,5,12
PUNO,LAMPA,6,16
PUNO,LAMPA,7,11
PUNO,LAMPA,8,155
PUNO,LAMPA,9,207
PUNO,LAMPA,10,97
PUNO,LAMPA,11,49
PUNO,LAMPA,12,23
PUNO,MELGAR,1,3
PUNO,MELGAR,4,3
PUNO,MELGAR,5,16
PUNO,MELGAR,6,46
PUNO,MELGAR,7,37
PUNO,MELGAR,8,252
PUNO,MELGAR,9,221
PUNO,MELGAR,10,57
PUNO,MELGAR,11,50
PUNO,MELGAR,12,20
PUNO,MOHO,5,3
PUNO,MOHO,7,7
PUNO,MOHO,8,23
PUNO,MOHO,9,43
PUNO,MOHO,10,26
PUNO,MOHO,11,20
PUNO,MOHO,12,6
PUNO,PUNO,1,75
PUNO,PUNO,4,119
PUNO,PUNO,5,88
PUNO,PUNO,6,90
PUNO,PUNO,7,602
PUNO,PUNO,8,2093
PUNO,PUNO,9,2204
PUNO,PUNO,10,522
PUNO,PUNO,11,210
PUNO,PUNO,12,195
PUNO,SAN ANTONIO DE PUTINA,1,2
PUNO,SAN ANTONIO DE PUTINA,4,2
PUNO,SAN ANTONIO DE PUTINA,5,1
PUNO,SAN ANTONIO DE PUTINA,6,3
PUNO,SAN ANTONIO DE PUTINA,7,19
PUNO,SAN ANTONIO DE PUTINA,8,117
PUNO,SAN ANTONIO DE PUTINA,9,42
PUNO,SAN ANTONIO DE PUTINA,10,54
PUNO,SAN ANTONIO DE PUTINA,11,34
PUNO,SAN ANTONIO DE PUTINA,12,16
PUNO,SAN ROMAN,1,71
PUNO,SAN ROMAN,4,34
PUNO,SAN ROMAN,5,140
PUNO,SAN ROMAN,6,252
PUNO,SAN ROMAN,7,527
PUNO,SAN ROMAN,8,2962
PUNO,SAN ROMAN,9,1802
PUNO,SAN ROMAN,10,687
PUNO,SAN ROMAN,11,333
PUNO,SAN ROMAN,12,350
PUNO,SANDIA,1,3
PUNO,SANDIA,4,6
PUNO,SANDIA,5,5
PUNO,SANDIA,6,15
PUNO,SANDIA,7,24
PUNO,SANDIA,8,105
PUNO,SANDIA,9,115
PUNO,SANDIA,10,37
PUNO,SANDIA,11,36
PUNO,SANDIA,12,17
PUNO,YUNGUYO,1,16
PUNO,YUNGUYO,4,9
PUNO,YUNGUYO,5,9
PUNO,YUNGUYO,6,7
PUNO,YUNGUYO,7,18
PUNO,YUNGUYO,8,104
PUNO,YUNGUYO,9,47
PUNO,YUNGUYO,10,47
PUNO,YUNGUYO,11,40
PUNO,YUNGUYO,12,21
SAN MARTIN,BELLAVISTA,1,19
SAN MARTIN,BELLAVISTA,4,30
SAN MARTIN,BELLAVISTA,5,40
SAN MARTIN,BELLAVISTA,6,151
SAN MARTIN,BELLAVISTA,7,231
SAN MARTIN,BELLAVISTA,8,324
SAN MARTIN,BELLAVISTA,9,160
SAN MARTIN,BELLAVISTA,10,182
SAN MARTIN,BELLAVISTA,11,84
SAN MARTIN,BELLAVISTA,12,33
SAN MARTIN,EL DORADO,1,16
SAN MARTIN,EL DORADO,4,1
SAN MARTIN,EL DORADO,5,30
SAN MARTIN,EL DORADO,6,112
SAN MARTIN,EL DORADO,7,425
SAN MARTIN,EL DORADO,8,257
SAN MARTIN,EL DORADO,9,269
SAN MARTIN,EL DORADO,10,247
SAN MARTIN,EL DORADO,11,211
SAN MARTIN,EL DORADO,12,218
SAN MARTIN,EN INVESTIGACIÓN,1,1
SAN MARTIN,EN INVESTIGACIÓN,4,3
SAN MARTIN,EN INVESTIGACIÓN,5,6
SAN MARTIN,EN INVESTIGACIÓN,6,21
SAN MARTIN,EN INVESTIGACIÓN,7,79
SAN MARTIN,EN INVESTIGACIÓN,8,130
SAN MARTIN,EN INVESTIGACIÓN,9,113
SAN MARTIN,EN INVESTIGACIÓN,10,43
SAN MARTIN,EN INVESTIGACIÓN,11,38
SAN MARTIN,EN INVESTIGACIÓN,12,23
SAN MARTIN,HUALLAGA,1,9
SAN MARTIN,HUALLAGA,5,28
SAN MARTIN,HUALLAGA,6,66
SAN MARTIN,HUALLAGA,7,143
SAN MARTIN,HUALLAGA,8,208
SAN MARTIN,HUALLAGA,9,141
SAN MARTIN,HUALLAGA,10,204
SAN MARTIN,HUALLAGA,11,186
SAN MARTIN,HUALLAGA,12,68
SAN MARTIN,LAMAS,1,49
SAN MARTIN,LAMAS,4,2
SAN MARTIN,LAMAS,5,73
SAN MARTIN,LAMAS,6,184
SAN MARTIN,LAMAS,7,215
SAN MARTIN,LAMAS,8,502
SAN MARTIN,LAMAS,9,340
SAN MARTIN,LAMAS,10,281
SAN MARTIN,LAMAS,11,263
SAN MARTIN,LAMAS,12,176
SAN MARTIN,MARISCAL CACERES,1,21
SAN MARTIN,MARISCAL CACERES,3,1
SAN MARTIN,MARISCAL CACERES,4,7
SAN MARTIN,MARISCAL CACERES,5,120
SAN MARTIN,MARISCAL CACERES,6,325
SAN MARTIN,MARISCAL CACERES,7,210
SAN MARTIN,MARISCAL CACERES,8,438
SAN MARTIN,MARISCAL CACERES,9,275
SAN MARTIN,MARISCAL CACERES,10,185
SAN MARTIN,MARISCAL CACERES,11,144
SAN MARTIN,MARISCAL CACERES,12,52
SAN MARTIN,MOYOBAMBA,1,65
SAN MARTIN,MOYOBAMBA,3,1
SAN MARTIN,MOYOBAMBA,4,65
SAN MARTIN,MOYOBAMBA,5,262
SAN MARTIN,MOYOBAMBA,6,454
SAN MARTIN,MOYOBAMBA,7,647
SAN MARTIN,MOYOBAMBA,8,796
SAN MARTIN,MOYOBAMBA,9,552
SAN MARTIN,MOYOBAMBA,10,295
SAN MARTIN,MOYOBAMBA,11,133
SAN MARTIN,MOYOBAMBA,12,120
SAN MARTIN,PICOTA,1,22
SAN MARTIN,PICOTA,4,39
SAN MARTIN,PICOTA,5,86
SAN MARTIN,PICOTA,6,59
SAN MARTIN,PICOTA,7,48
SAN MARTIN,PICOTA,8,207
SAN MARTIN,PICOTA,9,83
SAN MARTIN,PICOTA,10,90
SAN MARTIN,PICOTA,11,124
SAN MARTIN,PICOTA,12,112
SAN MARTIN,RIOJA,1,41
SAN MARTIN,RIOJA,3,2
SAN MARTIN,RIOJA,4,16
SAN MARTIN,RIOJA,5,91
SAN MARTIN,RIOJA,6,281
SAN MARTIN,RIOJA,7,364
SAN MARTIN,RIOJA,8,635
SAN MARTIN,RIOJA,9,402
SAN MARTIN,RIOJA,10,788
SAN MARTIN,RIOJA,11,238
SAN MARTIN,RIOJA,12,246
SAN MARTIN,SAN MARTIN,1,154
SAN MARTIN,SAN MARTIN,3,1
SAN MARTIN,SAN MARTIN,4,95
SAN MARTIN,SAN MARTIN,5,355
SAN MARTIN,SAN MARTIN,6,2293
SAN MARTIN,SAN MARTIN,7,1545
SAN MARTIN,SAN MARTIN,8,1030
SAN MARTIN,SAN MARTIN,9,1327
SAN MARTIN,SAN MARTIN,10,826
SAN MARTIN,SAN MARTIN,11,471
SAN MARTIN,SAN MARTIN,12,192
SAN MARTIN,TOCACHE,1,34
SAN MARTIN,TOCACHE,4,7
SAN MARTIN,TOCACHE,5,94
SAN MARTIN,TOCACHE,6,197
SAN MARTIN,TOCACHE,7,281
SAN MARTIN,TOCACHE,8,515
SAN MARTIN,TOCACHE,9,361
SAN MARTIN,TOCACHE,10,413
SAN MARTIN,TOCACHE,11,221
SAN MARTIN,TOCACHE,12,103
TACNA,CANDARAVE,1,2
TACNA,CANDARAVE,7,3
TACNA,CANDARAVE,8,40
TACNA,CANDARAVE,9,87
TACNA,CANDARAVE,11,3
TACNA,EN INVESTIGACIÓN,1,1
TACNA,EN INVESTIGACIÓN,4,1
TACNA,EN INVESTIGACIÓN,5,1
TACNA,EN INVESTIGACIÓN,6,9
TACNA,EN INVESTIGACIÓN,7,22
TACNA,EN INVESTIGACIÓN,8,250
TACNA,EN INVESTIGACIÓN,9,142
TACNA,EN INVESTIGACIÓN,12,1
TACNA,JORGE BASADRE,1,10
TACNA,JORGE BASADRE,4,1
TACNA,JORGE BASADRE,5,4
TACNA,JORGE BASADRE,6,10
TACNA,JORGE BASADRE,7,45
TACNA,JORGE BASADRE,8,81
TACNA,JORGE BASADRE,9,242
TACNA,JORGE BASADRE,10,4
TACNA,JORGE BASADRE,11,8
TACNA,JORGE BASADRE,12,11
TACNA,TACNA,1,403
TACNA,TACNA,3,2
TACNA,TACNA,4,157
TACNA,TACNA,5,428
TACNA,TACNA,6,505
TACNA,TACNA,7,1869
TACNA,TACNA,8,5500
TACNA,TACNA,9,2839
TACNA,TACNA,10,835
TACNA,TACNA,11,895
TACNA,TACNA,12,667
TACNA,TARATA,4,1
TACNA,TARATA,6,4
TACNA,TARATA,7,2
TACNA,TARATA,8,18
TACNA,TARATA,9,89
TACNA,TARATA,10,11
TACNA,TARATA,11,7
TACNA,TARATA,12,7
TUMBES,CONTRALMIRANTE VILLAR,1,15
TUMBES,CONTRALMIRANTE VILLAR,3,1
TUMBES,CONTRALMIRANTE VILLAR,4,25
TUMBES,CONTRALMIRANTE VILLAR,5,57
TUMBES,CONTRALMIRANTE VILLAR,6,107
TUMBES,CONTRALMIRANTE VILLAR,7,60
TUMBES,CONTRALMIRANTE VILLAR,8,69
TUMBES,CONTRALMIRANTE VILLAR,9,66
TUMBES,CONTRALMIRANTE VILLAR,10,67
TUMBES,CONTRALMIRANTE VILLAR,11,15
TUMBES,CONTRALMIRANTE VILLAR,12,19
TUMBES,EN INVESTIGACIÓN,4,6
TUMBES,EN INVESTIGACIÓN,5,7
TUMBES,EN INVESTIGACIÓN,6,1
TUMBES,EN INVESTIGACIÓN,7,7
TUMBES,EN INVESTIGACIÓN,8,6
TUMBES,EN INVESTIGACIÓN,9,4
TUMBES,EN INVESTIGACIÓN,12,1
TUMBES,TUMBES,1,157
TUMBES,TUMBES,3,9
TUMBES,TUMBES,4,292
TUMBES,TUMBES,5,742
TUMBES,TUMBES,6,1601
TUMBES,TUMBES,7,1200
TUMBES,TUMBES,8,1224
TUMBES,TUMBES,9,1044
TUMBES,TUMBES,10,639
TUMBES,TUMBES,11,351
TUMBES,TUMBES,12,282
TUMBES,ZARUMILLA,1,13
TUMBES,ZARUMILLA,3,4
TUMBES,ZARUMILLA,4,59
TUMBES,ZARUMILLA,5,122
TUMBES,ZARUMILLA,6,257
TUMBES,ZARUMILLA,7,187
TUMBES,ZARUMILLA,8,258
TUMBES,ZARUMILLA,9,384
TUMBES,ZARUMILLA,10,173
TUMBES,ZARUMILLA,11,113
TUMBES,ZARUMILLA,12,37
UCAYALI,ATALAYA,5,1
UCAYALI,ATALAYA,6,8
UCAYALI,ATALAYA,7,112
UCAYALI,ATALAYA,8,144
UCAYALI,ATALAYA,9,77
UCAYALI,ATALAYA,10,117
UCAYALI,ATALAYA,11,11
UCAYALI,ATALAYA,12,13
UCAYALI,CORONEL PORTILLO,1,150
UCAYALI,CORONEL PORTILLO,4,752
UCAYALI,CORONEL PORTILLO,5,4049
UCAYALI,CORONEL PORTILLO,6,2557
UCAYALI,CORONEL PORTILLO,7,1788
UCAYALI,CORONEL PORTILLO,8,3335
UCAYALI,CORONEL PORTILLO,9,1862
UCAYALI,CORONEL PORTILLO,10,960
UCAYALI,CORONEL PORTILLO,11,671
UCAYALI,CORONEL PORTILLO,12,643
UCAYALI,EN INVESTIGACIÓN,1,1
UCAYALI,EN INVESTIGACIÓN,4,4
UCAYALI,EN INVESTIGACIÓN,5,23
UCAYALI,EN INVESTIGACIÓN,6,54
UCAYALI,EN INVESTIGACIÓN,7,290
UCAYALI,EN INVESTIGACIÓN,8,282
UCAYALI,EN INVESTIGACIÓN,9,365
UCAYALI,EN INVESTIGACIÓN,10,176
UCAYALI,EN INVESTIGACIÓN,11,155
UCAYALI,EN INVESTIGACIÓN,12,97
UCAYALI,PADRE ABAD,1,26
UCAYALI,PADRE ABAD,4,4
UCAYALI,PADRE ABAD,5,130
UCAYALI,PADRE ABAD,6,339
UCAYALI,PADRE ABAD,7,223
UCAYALI,PADRE ABAD,8,346
UCAYALI,PADRE ABAD,9,259
UCAYALI,PADRE ABAD,10,188
UCAYALI,PADRE ABAD,11,90
UCAYALI,PADRE ABAD,12,89
UCAYALI,PURUS,7,23
UCAYALI,PURUS,8,19
UCAYALI,PURUS,9,122
UCAYALI,PURUS,10,160
UCAYALI,PURUS,11,27
